id_pelicula,actor
tt0143558,Tamás Ravasz
tt0143558,János Derzsi
tt0143558,Andrea Nagy
tt0143558,Lukács Bicskey
tt0143558,István Znamenák
tt0153140,Barnabás Tóth
tt0153140,Zoltán Bezerédi
tt0153140,Levente Molnár
tt0153140,Linda Lisztes
tt0153140,Béla Spindler
tt0153140,Angéla Eke
tt0153140,Gerda Pikali
tt0153140,Betta Lipcsei
tt0153140,Douceline Derreal
tt0153140,Olivier-Jacques Bernard
tt0205380,Saif Ali Khan
tt0205380,Atul Agnihotri
tt0205380,Pooja Bhatt
tt0205380,Sheeba Agarwal
tt0205380,Vikas Anand
tt0205380,Tabassum Govil
tt0205380,Dinesh Hingoo
tt0205380,Saeed Jaffrey
tt0205380,Shashi Kiran
tt0205380,Alok Nath
tt0254832,Ken Ward
tt0254832,Darlene Conte
tt0254832,Jeff Stearns
tt0254832,Katherine Boecher
tt0254832,Rowan Joseph
tt0254832,Suzanne Whang
tt0254832,Wendee Lee
tt0254832,Stephanie Kelley
tt0254832,Mike Meyers
tt0311698,Melissa McHenry
tt0311698,Mark Strohman
tt0327597,Dakota Fanning
tt0327597,Teri Hatcher
tt0327597,John Hodgman
tt0327597,Jennifer Saunders
tt0327597,Dawn French
tt0327597,Keith David
tt0327597,Robert Bailey Jr.
tt0327597,Ian McShane
tt0327597,Aankha Neal
tt0327597,George Selick
tt0344074,Smriti Mishra
tt0344074,Namrata Singh Gujral
tt0344074,Amit Garg
tt0344074,Rupinder Nagra
tt0344074,Manjit Singh
tt0344074,Jesse Allen
tt0344074,Pia Shah
tt0344074,Muldoon Elder
tt0344074,Durek Verett
tt0344074,Asha Menghrajani
tt0346631,Michael Jai White
tt0346631,Julian Sands
tt0346631,Eamonn Walker
tt0346631,Dante Basco
tt0346631,Nona Gaye
tt0346631,Michelle Belegrin
tt0346631,Bob Sapp
tt0346631,Dick Anthony Williams
tt0346631,Francis Capra
tt0346631,Ron Yuan
tt0361748,Brad Pitt
tt0361748,Diane Kruger
tt0361748,Eli Roth
tt0361748,Mélanie Laurent
tt0361748,Christoph Waltz
tt0361748,Michael Fassbender
tt0361748,Daniel Brühl
tt0361748,Til Schweiger
tt0361748,Gedeon Burkhard
tt0361748,Jacky Ido
tt0362478,Cameron Diaz
tt0362478,James Marsden
tt0362478,Frank Langella
tt0362478,James Rebhorn
tt0362478,Holmes Osborne
tt0362478,Sam Oz Stone
tt0362478,Gillian Jacobs
tt0362478,Celia Weston
tt0362478,Deborah Rush
tt0362478,Lisa K. Wyatt
tt0288190,Salvatore Basile
tt0288190,Ira Fronten
tt0288190,Carmenza Gómez
tt0288190,Jairo Camargo
tt0288190,César Mora
tt0288190,Adriana Ricardo
tt0288190,Yolanda García
tt0288190,Ramiro Meneses
tt0288190,Carlos Serrato
tt0288190,Gerónimo Basile
tt0304876,Harald Krassnitzer
tt0304876,Catrin Striebeck
tt0304876,Anna Fischer
tt0304876,Hanno Koffler
tt0304876,Robert Stadlober
tt0304876,Tilo Nest
tt0304876,Ralph Herforth
tt0304876,Franz Xaver Zach
tt0304876,Sunnyi Melles
tt0304876,Dietmar Horcicka
tt0312958,Marko Zaror
tt0312958,Hugo Stiglitz
tt0312958,Susana González
tt0312958,Fidel Abrego
tt0312958,Emmanuel Brandon
tt0312958,Carlos Caballero
tt0312958,Francisco Calvo
tt0312958,Vicky de la Serna
tt0312958,Candela Fernandez
tt0312958,Carlos Garcia
tt0353765,Chete Lera
tt0353765,Neus Asensi
tt0353765,Manuel Manquiña
tt0353765,Belén Constenla
tt0353765,María Castro
tt0353765,Sergio Bermúdez
tt0353765,Xosé Manuel Olveira 'Pico'
tt0353765,Gonzalo Uriarte
tt0353765,Berta Ojea
tt0353765,Rosa Álvarez
tt0365873,Dan De Luca
tt0365873,Kris Arnold
tt0365873,Natalie Diorio
tt0365873,Brian Sherman
tt0365873,Kate Debelack
tt0365873,Allana Kirk
tt0365873,Carlyncia S. Peck
tt0365873,Menchu Estaban
tt0365873,David Harscheid
tt0365873,Charles Winter
tt0375568,Freddie Highmore
tt0375568,Nicolas Cage
tt0375568,Kristen Bell
tt0375568,Charlize Theron
tt0375568,Ryan Stiles
tt0375568,Eugene Levy
tt0375568,Donald Sutherland
tt0375568,Bill Nighy
tt0375568,David Alan Grier
tt0375568,Alan Tudyk
tt0365929,Kate Beckinsale
tt0365929,Gabriel Macht
tt0365929,Tom Skerritt
tt0365929,Columbus Short
tt0365929,Alex O'Loughlin
tt0365929,Shawn Doyle
tt0365929,Joel Keller
tt0365929,Jesse Todd
tt0365929,Arthur Holden
tt0365929,Erin Hicock
tt0373340,Bradley Dorsey
tt0373340,Chris Ebling
tt0373340,Misty Lockheart
tt0373340,Lora E. Keady
tt0373340,Jon Brown
tt0373340,Benny Costanza
tt0373340,David Norris
tt0373340,Hunter Culp
tt0373340,Brandon Stewart
tt0373340,John Dockens
tt0409459,Jackie Earle Haley
tt0409459,Patrick Wilson
tt0409459,Carla Gugino
tt0409459,Malin Akerman
tt0409459,Billy Crudup
tt0409459,Matthew Goode
tt0409459,Jeffrey Dean Morgan
tt0409459,Matt Frewer
tt0409459,Stephen McHattie
tt0409459,Laura Mennell
tt0417741,Daniel Radcliffe
tt0417741,Emma Watson
tt0417741,Rupert Grint
tt0417741,Michael Gambon
tt0417741,Dave Legeno
tt0417741,Elarica Johnson
tt0417741,Jim Broadbent
tt0417741,Geraldine Somerville
tt0417741,Bonnie Wright
tt0417741,Julie Walters
tt0421237,Alexander Wraith
tt0421237,Gail Kim
tt0421237,Lalaine
tt0421237,Pat Morita
tt0421237,Eric Roberts
tt0421237,Jeannie Crist
tt0421237,Nicole Brown
tt0421237,Darren Kendrick
tt0421237,Jimmy Yun
tt0421237,Bobby Routh
tt0293354,Weronika Marszalec
tt0293354,Marcin Labno
tt0293354,Katarzyna Figura
tt0293354,Majka Jezowska
tt0293354,Magdalena Stuzynska
tt0293354,Jacek Kawalec
tt0293354,Adam Szyszkowski
tt0293354,Henryk Talar
tt0293354,Izabella Olejnik
tt0293354,Pavel Delong
tt0374853,Maggie Grace
tt0374853,Danny Dyer
tt0374853,Matt King
tt0374853,Nathaniel Parker
tt0374853,Bronagh Gallagher
tt0374853,Anthony Higgins
tt0374853,Steve Haze
tt0374853,Christian Patterson
tt0374853,Dave Lynn
tt0374853,Gary Beadle
tt0380510,Rachel Weisz
tt0380510,Mark Wahlberg
tt0380510,Saoirse Ronan
tt0380510,Susan Sarandon
tt0380510,Stanley Tucci
tt0380510,Michael Imperioli
tt0380510,Rose McIver
tt0380510,Christian Ashdale
tt0380510,Reece Ritchie
tt0380510,Carolyn Dando
tt0386117,Max Records
tt0386117,Catherine O'Hara
tt0386117,Forest Whitaker
tt0386117,Pepita Emmerichs
tt0386117,Max Pfeifer
tt0386117,Madeleine Greaves
tt0386117,Joshua Jay
tt0386117,Ryan Corr
tt0386117,Catherine Keener
tt0386117,Steve Mouzakis
tt0289146,Ivan Franek
tt0289146,Lenka Krobotová
tt0289146,Malgorzata Kozuchowska
tt0289146,Andrej Hryc
tt0289146,Borík Procházka
tt0289146,Michal Dlouhý
tt0289146,Dasa Souckova
tt0289146,Tereza Petrásková
tt0289146,Zuzana Krónerová
tt0289146,Vojtech Lavicka
tt0353665,Ludwika Paleta
tt0353665,Plutarco Haza
tt0353665,Evangelina Sosa
tt0353665,Enoc Leaño
tt0353665,Marta Aura
tt0353665,Miguel Couturier
tt0353665,Guillermo Larrea
tt0353665,Jorge Victoria
tt0353665,Mariana Beyer
tt0353665,René Gatica
tt0368563,Sarah Michelle Gellar
tt0368563,Lee Pace
tt0368563,Michael Landes
tt0368563,Tuva Novotny
tt0368563,Chelah Horsdal
tt0368563,Dhirendra
tt0368563,Paul Jarrett
tt0368563,William B. Davis
tt0368563,Veena Sood
tt0368563,Peter Bryant
tt0425141,Ken Miller
tt0425141,Gunnar Hansen
tt0425141,Linnea Quigley
tt0425141,Hank Williams III
tt0425141,Butch Patrick
tt0425141,Rudy Ray Moore
tt0425141,J.P. Richardson
tt0425141,Reggie Bannister
tt0425141,Jim O'Rear
tt0425141,Edwin Neal
tt0431670,Gastón Pauls
tt0431670,Esther Goris
tt0431670,Ingrid Pelicori
tt0431670,Carlos Kaspar
tt0431670,Martín Pavlovsky
tt0431670,Diana Wells
tt0431670,Ricardo Bartis
tt0431670,Laura Nevole
tt0433362,Ethan Hawke
tt0433362,Willem Dafoe
tt0433362,Sam Neill
tt0433362,Harriet Minto-Day
tt0433362,Jay Laga'aia
tt0433362,Damien Garvey
tt0433362,Sahaj Dumpleton
tt0433362,Allan Todd
tt0433362,Gabriella Di Labio
tt0433362,Ben Siemer
tt0436154,Adi
tt0436154,Percy Alexander
tt0436154,Marek Ameriks
tt0436154,Tom Andrews
tt0436154,Kaspar Ansons
tt0436154,Angelica Bahamon
tt0436154,Bizarre
tt0436154,Miro U. Boyoert
tt0436154,Lauren Briant
tt0436154,Tom Claus
tt0450336,Henry Cavill
tt0450336,Dominic Purcell
tt0450336,Emma Booth
tt0450336,Michael Fassbender
tt0450336,Rainer Winkelvoss
tt0450336,László Mátray
tt0450336,Joy McBrinn
tt0450336,Shea Whigham
tt0450336,Tony Barger
tt0450336,Douglas Roger
tt0121569,Tony Devon
tt0121569,Lori Singleton
tt0121569,Mark Dermott
tt0121569,Thomas Finn
tt0121569,Lung Ti
tt0121569,Billy Penn
tt0121569,Axel Jasper
tt0121569,Frank Telson
tt0121569,Lizabeth Asher
tt0121569,Sam O'Hara
tt0381940,Anna Katharina Schwabroh
tt0381940,Martin Rapold
tt0381940,Regula Grauwiller
tt0381940,Yangzom Brauen
tt0381940,Pierre Semmler
tt0381940,Claude-Oliver Rudolph
tt0381940,Michael Finger
tt0381940,Gilles Tschudi
tt0381940,Maria Boettner
tt0381940,Noa Strupler
tt0405022,Loïc Peckels
tt0405022,Layke Anderson
tt0405022,Harry Ferrier
tt0405022,Michael N. Kuehl
tt0405022,Gintare Parulyte
tt0405022,Sascha Ley
tt0405022,Chris McHallem
tt0405022,Natalie Slevin
tt0405022,Kelly Jake
tt0405022,Benn Northover
tt0403702,Michael Cera
tt0403702,Portia Doubleday
tt0403702,Jean Smart
tt0403702,Zach Galifianakis
tt0403702,Erik Knudsen
tt0403702,Adhir Kalyan
tt0403702,Steve Buscemi
tt0403702,Fred Willard
tt0403702,Ari Graynor
tt0403702,Ray Liotta
tt0407852,Enikõ Eszenyi
tt0407852,Ernõ Fekete
tt0407852,Zsuzsa Czinkóczi
tt0407852,Beata Fudalej
tt0407852,György Cserhalmi
tt0407852,Gabriella Hámori
tt0407852,Adél Kováts
tt0407852,Tibor Gáspár
tt0407852,Zoltán Seress
tt0407852,Juli Básti
tt0435716,Anton Pardoe
tt0435716,Anthony Dilio
tt0435716,David Beck
tt0435716,Ken Clark
tt0435716,Ryan Fitzgerald
tt0435716,James Hart
tt0435716,Roselyn Sanchez
tt0435716,Denyse Tontz
tt0435716,Scout Alter
tt0435716,Frank Bruynbroek
tt0437065,Roger Lim
tt0437065,Evlin Lake
tt0437065,Bobby Dodge
tt0437065,Shannon Gayle Hurd
tt0437065,Drew Plummer
tt0437065,Jason Lombard
tt0437065,Akiko Shima
tt0437065,Melinda Lee
tt0437065,Kristin Pesceone
tt0437065,Tracy Miller
tt0437550,Matthew Del Negro
tt0437550,Yan England
tt0437550,Tim Kubart
tt0437550,Sabin Lomac
tt0437550,Justin Okin
tt0437550,Laurie Okin
tt0437550,Joel Rooks
tt0437550,Louise Scotti
tt0437550,Leia Thompson
tt0437550,Shari Umansky
tt0438894,Arshad Warsi
tt0438894,Aashish Chaudhary
tt0438894,Yash Tonk
tt0438894,Udita Goswami
tt0438894,Aarti Chhabria
tt0438894,Shweta Menon
tt0438894,Ashish Vidyarthi
tt0438894,Shakti Kapoor
tt0438894,Vindu Dara Singh
tt0438894,Adi Irani
tt0448182,Kipleigh Brown
tt0448182,Chase Masterson
tt0448182,John Newton
tt0448182,Mik Scriba
tt0448182,Nathan Mobley
tt0448182,Warren Davis
tt0448182,Megan Henning
tt0448182,Jennifer Slimko
tt0448182,Robert Siegel
tt0448182,Peter Mayhew
tt0408060,Zoltán Mucsi
tt0408060,László Sinkó
tt0408060,Pál Mácsai
tt0408060,Vica Kerekes
tt0408060,Balázs Czukor
tt0408060,Zoltán Balázs
tt0408060,Máté Haumann
tt0408060,Krzysztof Rogacewicz
tt0408060,Zoltán Berzsenyi
tt0408060,Krisztina Bíró
tt0146592,Éva Gábor
tt0146592,István Znamenák
tt0146592,Ákos Horváth
tt0146592,Lia Pokorny
tt0146592,Izabella Hegyi
tt0146592,Szabolcs Thuróczy
tt0146592,Ági Margitai
tt0146592,Eszter Márton
tt0146592,Lóránt Matta
tt0146592,Róbert Kardos
tt0154039,Kornél Mundruczó
tt0154039,Daniel Olbrychski
tt0154039,Zoltán Mucsi
tt0154039,Gábor Nagypál
tt0154039,György Cserhalmi
tt0154039,Simon Szabó
tt0154039,Florian Teichtmeister
tt0154039,Péter Scherer
tt0154039,Miklós Székely B.
tt0154039,László Gálffi
tt0162942,Zoltán Rátóti
tt0162942,Yu Debin
tt0162942,Eszter Bánfalvi
tt0162942,Ferenc Lengyel
tt0162942,Attila Egyed
tt0162942,Shan Yu Tio
tt0162942,Erika Horváth
tt0162942,Uwe Lauer
tt0162942,Gábor Pintér
tt0162942,Szabolcs Thuróczy
tt0230212,R.J. Adams
tt0230212,Rob Adams
tt0326965,Philip Winchester
tt0326965,Tim Draxl
tt0326965,Lacey Chabert
tt0326965,Abigail Spencer
tt0326965,Kelly Overton
tt0326965,Amy Aquino
tt0326965,Tony Hale
tt0326965,Kevin Kilner
tt0326965,Aidan Mitchell
tt0326965,Michael Badalucco
tt0331312,Daniel Ball
tt0331312,Ande Cira
tt0331312,Michael Callahan
tt0331312,Frankie J. Mosca
tt0331312,Christopher Pleckaitis
tt0331312,Brian Calek
tt0331312,Carol Wei
tt0331312,Chris Johnson
tt0331312,Sal DeLucia
tt0331312,Sarah Caliendo
tt0337882,Jennifer Jelsema
tt0337882,Sam Logan Khaleghi
tt0337882,Mark Boyd
tt0337882,Casey James
tt0337882,Jeff Priskorn
tt0337882,Alaina Fleming
tt0337882,Jonathan Leigh West
tt0337882,Valentina Arnold
tt0337882,Michael Sneed
tt0337882,Matthew J. Boucher
tt0393049,Michael Warren
tt0393049,Joanna Cassidy
tt0393049,Joyce Guy
tt0393049,Bill Moseley
tt0393049,Jerome Elston Scott
tt0393049,Alan Blumenfeld
tt0393049,Art Evans
tt0393049,Nicholas Downs
tt0393049,Heather Bergdahl
tt0393049,Micah Stuart
tt0398286,Mandy Moore
tt0398286,Zachary Levi
tt0398286,Donna Murphy
tt0398286,Ron Perlman
tt0398286,M.C. Gainey
tt0398286,Jeffrey Tambor
tt0398286,Brad Garrett
tt0398286,Paul F. Tompkins
tt0398286,Richard Kiel
tt0398286,Delaney Rose Stein
tt0423474,Donald Faison
tt0423474,Eddie Kaye Thomas
tt0423474,Eddie Guerra
tt0423474,Abraham Benrubi
tt0423474,Jaime Pressly
tt0423474,Molly Sims
tt0423474,Roselyn Sanchez
tt0423474,Florence Henderson
tt0423474,Jon Polito
tt0423474,Paul Ben-Victor
tt0427152,Steve Carell
tt0427152,Paul Rudd
tt0427152,Stephanie Szostak
tt0427152,Zach Galifianakis
tt0427152,Jemaine Clement
tt0427152,Lucy Punch
tt0427152,Bruce Greenwood
tt0427152,David Walliams
tt0427152,Ron Livingston
tt0427152,Larry Wilmore
tt0435761,Tom Hanks
tt0435761,Tim Allen
tt0435761,Joan Cusack
tt0435761,Ned Beatty
tt0435761,Don Rickles
tt0435761,Michael Keaton
tt0435761,Wallace Shawn
tt0435761,John Ratzenberger
tt0435761,Estelle Harris
tt0435761,John Morris
tt0449005,Joe O'Byrne
tt0449005,Paul Birtwistle
tt0449005,Donna Henry
tt0449005,Roxanne Gregory
tt0449005,Clive Bonelle
tt0449005,James Foster
tt0449005,Jonathan Williams
tt0449005,Tim Paley
tt0449005,Chris Leonard
tt0449005,Michael Booth
tt0446029,Michael Cera
tt0446029,Mary Elizabeth Winstead
tt0446029,Kieran Culkin
tt0446029,Anna Kendrick
tt0446029,Alison Pill
tt0446029,Aubrey Plaza
tt0446029,Jason Schwartzman
tt0446029,Johnny Simmons
tt0446029,Mark Webber
tt0446029,Ellen Wong
tt0411951,Jon Foo
tt0411951,Kelly Overton
tt0411951,Cary-Hiroyuki Tagawa
tt0411951,Ian Anthony Dale
tt0411951,Cung Le
tt0411951,Darrin Dewitt Henson
tt0411951,Luke Goss
tt0411951,Mircea Monroe
tt0411951,Tamlyn Tomita
tt0411951,Candice Hillebrand
tt0429493,Liam Neeson
tt0429493,Bradley Cooper
tt0429493,Sharlto Copley
tt0429493,Jessica Biel
tt0429493,Quinton 'Rampage' Jackson
tt0429493,Patrick Wilson
tt0429493,Gerald McRaney
tt0429493,Henry Czerny
tt0429493,Yul Vazquez
tt0429493,Brian Bloom
tt0439801,Thiago Lacerda
tt0439801,Ângela Vieira
tt0439801,Milton Gonçalves
tt0439801,Marcio Rosario
tt0439801,Gracindo Júnior
tt0439801,Ailton Graça
tt0439801,Sheila Mello
tt0439801,Viviane Victorette
tt0439801,Gilberto Torres
tt0439801,Sônia Lima
tt0465637,Jeff Osterhage
tt0465637,Mark Gantt
tt0465637,Branscombe Richmond
tt0465637,Ed Lauter
tt0465637,Frank Stallone
tt0465637,James Lew
tt0465637,Corbin Timbrook
tt0465637,John Brotherton
tt0465637,Johnny Nisbet
tt0465637,Monique Yates Jr.
tt0464032,Anthony Moscato
tt0464032,Alex Safi
tt0464032,Jason Waugh
tt0464032,James Hyde
tt0464032,Richard Goteri
tt0464032,Sarah Sid
tt0464032,Buzz Jones
tt0464032,Michael Mili
tt0464032,Virginia Bryant
tt0464032,Anastasia Maria Mili
tt0464162,Manoj Bajpayee
tt0464162,Shriya Saran
tt0464162,Pawan Kalyan
tt0464162,Saranya Ponvannan
tt0464162,Nassar
tt0464162,Girish Karnad
tt0464162,Mohammad Ali
tt0464162,Cochin Hanifa
tt0464162,Kovai Sarala
tt0464162,Nikesha Patel
tt0417610,Luis Machín
tt0417610,Esther Goris
tt0417610,Carlos Belloso
tt0417610,Florencia Peña
tt0417610,Enrique Piñeyro
tt0417610,Alfonso Pícaro
tt0417610,Vilma Ferrán
tt0417610,Héctor Díaz
tt0417610,Eduardo Wigutow
tt0417610,Mey Scápola
tt0464154,Elisabeth Shue
tt0464154,Jerry O'Connell
tt0464154,Richard Dreyfuss
tt0464154,Ving Rhames
tt0464154,Christopher Lloyd
tt0464154,Eli Roth
tt0464154,Steven R. McQueen
tt0464154,Jessica Szohr
tt0464154,Kelly Brook
tt0464154,Riley Steele
tt0473075,Jake Gyllenhaal
tt0473075,Gemma Arterton
tt0473075,Ben Kingsley
tt0473075,Alfred Molina
tt0473075,Steve Toussaint
tt0473075,Toby Kebbell
tt0473075,Richard Coyle
tt0473075,Ronald Pickup
tt0473075,Reece Ritchie
tt0473075,Gísli Örn Garðarsson
tt0478660,Sergi Soler
tt0478660,Sara Da Pin Up
tt0478660,Pilar Morales
tt0478660,Jean-Pierre Sèvegrand
tt0478660,Neus Jané
tt0478660,Alba Rispau
tt0478660,Cristina Zapata
tt0478660,Marisa Zapata
tt0478660,Cecilia Gessa
tt0478660,Nuria Aparicio
tt0493949,Joey King
tt0493949,Selena Gomez
tt0493949,Bridget Moynahan
tt0493949,John Corbett
tt0493949,Ginnifer Goodwin
tt0493949,Josh Duhamel
tt0493949,Jason Spevack
tt0493949,Sierra McCormick
tt0493949,Sandra Oh
tt0493949,Kate Zenna
tt0499608,Josie Davis
tt0499608,Marshall Sylver
tt0499608,Meshach Taylor
tt0499608,Maria Conchita Alonso
tt0499608,Douglas Fisher
tt0499608,Kelli Kirkland
tt0499608,Slade Pearce
tt0499608,Katheryn Winnick
tt0499608,Kip Martin
tt0499608,Danielle Demski
tt0765465,Zoe Axelrod
tt0765465,Shelley Berman
tt0765465,Michael Chiklis
tt0765465,David Cross
tt0765465,Debi Derryberry
tt0765465,Graham Greene
tt0765465,Kim Mai Guest
tt0765465,Cheryl Hines
tt0765465,Billy Jones
tt0765465,Gael MacGregor
tt0436230,Danny Trejo
tt0436230,B-Real
tt0436230,Elika Crespo
tt0436230,Joey Medina
tt0436230,Carla Sanchez
tt0436230,Dyana Ortelli
tt0436230,Richmond Arquette
tt0436230,Alex A. Quinn
tt0436230,Sara Downing
tt0436230,Christopher Ramirez
tt0445054,Claude Legault
tt0445054,Rémy Girard
tt0445054,Martin Dubreuil
tt0445054,Fanny Mallette
tt0445054,Rose-Marie Coallier
tt0445054,Alexandre Goyette
tt0445054,Dominique Quesnel
tt0445054,Pascale Delhaes
tt0445054,Pascal Contamine
tt0445054,Daniel Desputeau
tt0455407,Radha Mitchell
tt0455407,Timothy Olyphant
tt0455407,Danielle Panabaker
tt0455407,Joe Anderson
tt0455407,Christie Lynn Smith
tt0455407,Brett Rickaby
tt0455407,Preston Bailey
tt0455407,John Aylward
tt0455407,Joe Reegan
tt0455407,Glenn Morshower
tt0462516,Don Wood
tt0462516,Christine Spencer
tt0462516,Angus Scrimm
tt0462516,Reggie Bannister
tt0462516,Larry Fessenden
tt0462516,Bradford Scobie
tt0462516,Christina Campanella
tt0462516,Turquoise Taylor Grant
tt0462516,Matt Huffman
tt0462516,Michael Berryman
tt0479204,Jesse Bradford
tt0479204,Sienna Guillory
tt0479204,Scot Williams
tt0479204,Steven Berkoff
tt0479204,Emily Hamilton
tt0479204,Justin Urich
tt0479204,Joanna Moskwa
tt0479204,Benedict Taylor
tt0479204,Sam Alexander
tt0479204,Scott Joseph
tt0490236,Lou Diamond Phillips
tt0490236,Megan Ward
tt0490236,Ellen Albertini Dow
tt0490236,Pam Grier
tt0490236,Victor Browne
tt0490236,Jacoby Shaddix
tt0490236,Carlos Alazraqui
tt0490236,Dana Barron
tt0490236,Judea Cavoto
tt0490236,Lynda Reynoso
tt0419692,Steffany Huckaby
tt0419692,Amanda Troop
tt0419692,Eddie Jones
tt0419692,Holmes Osborne
tt0419692,Michael Muhney
tt0419692,Tami Erin
tt0419692,Curtis Pettijohn
tt0419692,Devorah Eizikovic Richards
tt0419692,Will Zahrn
tt0419692,Karla Strum
tt0480255,Idris Elba
tt0480255,Zoe Saldana
tt0480255,Jeffrey Dean Morgan
tt0480255,Chris Evans
tt0480255,Columbus Short
tt0480255,Óscar Jaenada
tt0480255,Jason Patric
tt0480255,Holt McCallany
tt0480255,Peter Macdissi
tt0480255,Peter Francis James
tt0872230,Max Thieriot
tt0872230,John Magaro
tt0872230,Denzel Whitaker
tt0872230,Zena Grey
tt0872230,Nick Lashaway
tt0872230,Paulina Olszynski
tt0872230,Jeremy Chu
tt0872230,Emily Meade
tt0872230,Raúl Esparza
tt0872230,Jessica Hecht
tt0901504,Cary Elwes
tt0901504,Sara Foster
tt0901504,Michael Biehn
tt0901504,Colleen Camp
tt0901504,Gabriel Mann
tt0901504,Winter Ave Zoli
tt0901504,Susie Amy
tt0901504,Katherine Shanklin
tt0901504,Ryan James
tt0901504,Brian Caspe
tt0437462,Aurélien Recoing
tt0437462,Sukanya Kongkawong
tt0437462,David La Haye
tt0437462,Alain Moussay
tt0437462,Abel Jafri
tt0437462,Aleksandr Medvedev
tt0437462,Morgan Marinne
tt0437462,Philippe Crubezy
tt0437462,Jean-Christophe Folly
tt0437462,Geoffrey Giuliano
tt0443331,Kareena Kapoor
tt0443331,Shahid Kapoor
tt0443331,Aarti Chhabria
tt0443331,Delnaaz Irani
tt0443331,Satish Shah
tt0443331,Tanaaz Currim Irani
tt0443331,Vijay Kashyap
tt0443331,Satish Kaushik
tt0443331,Sarfaraz Khan
tt0443331,Kirron Kher
tt0482461,Patrick Wilson
tt0482461,Judy Greer
tt0482461,Chloë Sevigny
tt0482461,Jean Smart
tt0482461,Malcolm McDowell
tt0482461,Billy Dee Williams
tt0482461,Cybill Shepherd
tt0482461,Shea Whigham
tt0482461,Barret Swatek
tt0482461,Missi Pyle
tt0482459,Jin Akanishi
tt0482459,Kie Kitano
tt0482459,Kengo Kôra
tt0482459,Ayumi Ito
tt0482459,Yuki Shibamoto
tt0482459,Nobuaki Kaneko
tt0482459,Hideyuki Kasahara
tt0482459,Anne Watanabe
tt0482459,Hatsunori Hasegawa
tt0482459,Yoshiyuki Ishizuka
tt0463311,Michael Madsen
tt0463311,Carolina Gómez
tt0463311,Selton Mello
tt0463311,Roberto Cano
tt0463311,Carlos Alberto Riccelli
tt0463311,Eduardo Dussek
tt0463311,Similião Aurélio
tt0463311,Adriano Siri
tt0463311,Christovam Netto
tt0463311,Cesario Augusto
tt0176694,Gyula Balázsi
tt0176694,Péter Benkö
tt0176694,Ágnes Bertalan
tt0176694,Péter Blaskó
tt0176694,Ferenc Borbiczky
tt0176694,Gyula Buss
tt0176694,János Bácskai
tt0176694,László Csurka
tt0176694,Gábor Csíkos
tt0176694,Iván Dengyel
tt0247643,Carlota Sosa
tt0247643,Daniela Bascopé
tt0247643,Óscar Borda
tt0247643,Pedro Lander
tt0247643,Yvonne Reyes
tt0247643,Arlette Torres
tt0311448,Paul Sanderson
tt0311448,Sterling Walbrook
tt0311448,Robert Bennett
tt0311448,Cliff Jenkins
tt0311448,Patrick Toon
tt0311448,Anna Palermo
tt0311448,Robert Bales
tt0311448,Cynthia Emmer
tt0323808,Brittania Nicol
tt0323808,Henry Garrett
tt0323808,Graham McTavish
tt0323808,Jacqueline Leonard
tt0323808,James Mapes
tt0323808,Lesley Mackie
tt0323808,Clive Russell
tt0323808,Bill Murdoch
tt0323808,Kirstin Murray
tt0323808,Christopher Fosh
tt0372538,Vincent Pastore
tt0372538,Ben Curtis
tt0372538,Lora Kojovic
tt0372538,Kory Bassett
tt0372538,Tonja Walker
tt0372538,Vinny Vella
tt0372538,Gerald Bunsen
tt0372538,Mike Bash
tt0372538,Sam Bilinkas
tt0372538,Jim Bonney
tt0376136,Johnny Depp
tt0376136,Giovanni Ribisi
tt0376136,Aaron Eckhart
tt0376136,Michael Rispoli
tt0376136,Amber Heard
tt0376136,Richard Jenkins
tt0376136,Amaury Nolasco
tt0376136,Marshall Bell
tt0376136,Bill Smitrovich
tt0376136,Julian Holloway
tt0406282,Kim Sønderholm
tt0406282,Andrea Vagn Jensen
tt0406282,Ole Thestrup
tt0406282,Mads Koudal
tt0406282,Mick Øgendahl
tt0406282,Troels II Munk
tt0406282,Anne-Marie Streibig
tt0406282,Niels Lund Boesen
tt0406282,Helene Høm Kristiansen
tt0406282,Katja Larsen
tt0377981,James McAvoy
tt0377981,Emily Blunt
tt0377981,Maggie Smith
tt0377981,Ashley Jensen
tt0377981,Michael Caine
tt0377981,Matt Lucas
tt0377981,Jim Cummings
tt0377981,Jason Statham
tt0377981,Ozzy Osbourne
tt0377981,Stephen Merchant
tt0407194,Peter Abraham
tt0407194,Rebecca Friese
tt0407194,Natalie James
tt0407194,Al Liner
tt0407194,Mitchell Marks
tt0407194,Brenda Galilee Rhodes
tt0407194,Teresa Anne Volgenau
tt0433397,Hamilton von Watts
tt0433397,Melissa Joan Hart
tt0433397,Michael Cudlitz
tt0433397,Robert Guillaume
tt0433397,Alley Mills
tt0433397,Stacey Travis
tt0433397,Jackie Debatin
tt0433397,Perry Anzilotti
tt0433397,Chip Bent
tt0433397,Victor Rivers
tt0448694,Antonio Banderas
tt0448694,Salma Hayek
tt0448694,Zach Galifianakis
tt0448694,Billy Bob Thornton
tt0448694,Amy Sedaris
tt0448694,Constance Marie
tt0448694,Guillermo del Toro
tt0448694,Mike Mitchell
tt0448694,Rich Dietl
tt0448694,Ryan Crego
tt0459748,Vladimir Epifantsev
tt0459748,Mikhail Efremov
tt0459748,Andrey Fomin
tt0459748,Sergey Shnurov
tt0459748,Vladimir Menshov
tt0459748,Oleg Taktarov
tt0459748,Ivan Okhlobystin
tt0459748,Andrey Panin
tt0459748,Leonid Parfyonov
tt0459748,Aleksandr Gordon
tt0461336,Miguel Rodarte
tt0461336,Jesús Ochoa
tt0461336,Joaquín Cosio
tt0461336,Gerardo Taracena
tt0461336,Rodrigo Oviedo
tt0461336,Marius Biegai
tt0461336,Jaime Camil
tt0461336,Adal Ramones
tt0461336,Isela Vega
tt0461336,Juan Carlos Flores
tt0462536,Clody Cates
tt0462536,Fiona Cheung
tt0462536,Laura Jane Coles
tt0462536,Simone Cross
tt0462536,Jeffery Davis
tt0462536,Miriam Dorsett
tt0462536,Owen Drake
tt0462536,Owen Edson
tt0462536,Matthew W. Eierman
tt0462536,Skip Emerson
tt0409847,Daniel Craig
tt0409847,Harrison Ford
tt0409847,Olivia Wilde
tt0409847,Abigail Spencer
tt0409847,Buck Taylor
tt0409847,Matthew Taylor
tt0409847,Cooper Taylor
tt0409847,Clancy Brown
tt0409847,Paul Dano
tt0409847,Chris Browning
tt0433035,Hugh Jackman
tt0433035,Evangeline Lilly
tt0433035,Dakota Goyo
tt0433035,Anthony Mackie
tt0433035,Kevin Durand
tt0433035,Hope Davis
tt0433035,James Rebhorn
tt0433035,Karl Yune
tt0433035,Olga Fonda
tt0433035,John Gatins
tt0458339,Chris Evans
tt0458339,Hugo Weaving
tt0458339,Samuel L. Jackson
tt0458339,Hayley Atwell
tt0458339,Sebastian Stan
tt0458339,Tommy Lee Jones
tt0458339,Dominic Cooper
tt0458339,Richard Armitage
tt0458339,Stanley Tucci
tt0458339,Toby Jones
tt0469158,Alison MacInnis
tt0469158,Frank Alvarez
tt0469158,Dennis Baesa
tt0469158,Derek Barbosa
tt0469158,Christina Buenaventura
tt0469158,Armando Cantina
tt0469158,Mr. Capone-E
tt0469158,Rod Chaouqi
tt0469158,Shannon Marie Codner
tt0469158,Elika Crespo
tt0472399,Jason Statham
tt0472399,Ben Foster
tt0472399,Donald Sutherland
tt0472399,Tony Goldwyn
tt0472399,Jeff Chase
tt0472399,Mini Anden
tt0472399,James Logan
tt0472399,Eddie J. Fernandez
tt0472399,Joshua Bridgewater
tt0472399,John McConnell
tt0471042,Eddie Murphy
tt0471042,Ben Stiller
tt0471042,Casey Affleck
tt0471042,Alan Alda
tt0471042,Matthew Broderick
tt0471042,Stephen McKinley Henderson
tt0471042,Judd Hirsch
tt0471042,Téa Leoni
tt0471042,Michael Peña
tt0471042,Gabourey Sidibe
tt0479997,Nicolas Cage
tt0479997,Ron Perlman
tt0479997,Claire Foy
tt0479997,Stephen Campbell Moore
tt0479997,Stephen Graham
tt0479997,Ulrich Thomsen
tt0479997,Robert Sheehan
tt0479997,Christopher Lee
tt0479997,Kevin Rees
tt0479997,Andrew Hefler
tt0472181,Hank Azaria
tt0472181,Katy Perry
tt0472181,Jonathan Winters
tt0472181,Neil Patrick Harris
tt0472181,Jayma Mays
tt0472181,Sofía Vergara
tt0472181,Tim Gunn
tt0472181,Madison McKinley
tt0472181,Meg Phillips
tt0472181,Julie Chang
tt0478304,Brad Pitt
tt0478304,Sean Penn
tt0478304,Jessica Chastain
tt0478304,Hunter McCracken
tt0478304,Laramie Eppler
tt0478304,Tye Sheridan
tt0478304,Fiona Shaw
tt0478304,Jessica Fuselier
tt0478304,Nicolas Gonda
tt0478304,Will Wallace
tt0800369,Chris Hemsworth
tt0800369,Anthony Hopkins
tt0800369,Natalie Portman
tt0800369,Tom Hiddleston
tt0800369,Stellan Skarsgård
tt0800369,Kat Dennings
tt0800369,Clark Gregg
tt0800369,Colm Feore
tt0800369,Idris Elba
tt0800369,Ray Stevenson
tt0805617,Darren Boyd
tt0805617,Rutger Hauer
tt0805617,Jason Cope
tt0805617,Shane Manie
tt0805617,Edmund Dehn
tt0805617,Ger Carey
tt0805617,Ronald France
tt0805617,Edwina Elek
tt0805617,George Jackos
tt0805617,Aletta Bezuidenhout
tt0816462,Jason Momoa
tt0816462,Ron Perlman
tt0816462,Rose McGowan
tt0816462,Stephen Lang
tt0816462,Rachel Nichols
tt0816462,Bob Sapp
tt0816462,Leo Howard
tt0816462,Steven O'Donnell
tt0816462,Nonso Anozie
tt0816462,Raad Rawi
tt0451154,Crystal Day
tt0451154,Elizabeth Ann Bennett
tt0451154,Jason Hamer
tt0451154,Sam Upton
tt0451154,Tara Carroll
tt0451154,Brian Gleason
tt0451154,Colleen Shannon
tt0451154,Lilyan Chauvin
tt0451154,George Gerdes
tt0451154,Savannah Stutler
tt0772179,Ry Barrett
tt0772179,Jennifer De Lucia
tt0772179,Pete Soltesz
tt0772179,Andrew Ferguson
tt0772179,Carrie Prout
tt0772179,Casey Dutfield
tt0772179,Thomas Gofton
tt0772179,Breanne TeBoekhorst
tt0772179,Chris Vettoretto
tt0772179,Burnaby Q. Orbax
tt0780645,Andrew Tiernan
tt0780645,Jouko Ahola
tt0780645,Samuli Vauramo
tt0780645,Mikko Leppilampi
tt0780645,Andreas Wilson
tt0780645,Antti Reini
tt0780645,Magdalena Górska
tt0780645,Mark Wingett
tt0780645,Andrius Paulavicius
tt0780645,Geoffrey T. Bersey
tt0822847,Paul Bettany
tt0822847,Cam Gigandet
tt0822847,Maggie Q
tt0822847,Karl Urban
tt0822847,Lily Collins
tt0822847,Brad Dourif
tt0822847,Stephen Moyer
tt0822847,Christopher Plummer
tt0822847,Alan Dale
tt0822847,Mädchen Amick
tt0858422,Christian Campbell
tt0858422,Brian Drolet
tt0858422,Eric Scott Woods
tt0858422,Stacia Crawford
tt0858422,Jim Klock
tt0858422,Brandon Henry Rodriguez
tt0858422,Somali Rose
tt0858422,Darla Delgado
tt0858422,Tom Nowicki
tt0858422,Romeo Clarke
tt0873886,Michael Parks
tt0873886,Melissa Leo
tt0873886,John Goodman
tt0873886,Michael Angarano
tt0873886,Deborah Aquila
tt0873886,Nicholas Braun
tt0873886,Ronnie Connell
tt0873886,Kaylee DeFer
tt0873886,Joey Figueroa
tt0873886,Kyle Gallner
tt0875613,Leslie Easterbrook
tt0875613,Richmond Arquette
tt0875613,Tom Wright
tt0875613,Darcy Fowers
tt0875613,Megan Heyn
tt0875613,Ali Costello
tt0875613,Cory Lewis Pearman
tt0875613,Jennifer Chan
tt0875613,Paola Menacho
tt0875613,Adam Cardon
tt0477302,Thomas Horn
tt0477302,Tom Hanks
tt0477302,Sandra Bullock
tt0477302,Max von Sydow
tt0477302,Zoe Caldwell
tt0477302,Dennis Hearn
tt0477302,Paul Klementowicz
tt0477302,Julian Tepper
tt0477302,Caleb Reynolds
tt0477302,John Goodman
tt0480239,Taylor Schilling
tt0480239,Grant Bowler
tt0480239,Matthew Marsden
tt0480239,Edi Gathegi
tt0480239,Jsu Garcia
tt0480239,Graham Beckel
tt0480239,Jon Polito
tt0480239,Patrick Fischler
tt0480239,Rebecca Wisocky
tt0480239,Michael Lerner
tt0490847,Fabian Carrillo
tt0490847,Richard Tyson
tt0490847,Robert LaSardo
tt0490847,Elizabeth Di Prinzio
tt0490847,Robert Arevalo
tt0490847,Faramarz Assef
tt0490847,Otto Bavadi
tt0490847,Brooke Lewis Bellas
tt0490847,Scotty Carlisle
tt0490847,Hilda Marie Combs
tt0844993,Hayden Panettiere
tt0844993,Glenn Close
tt0844993,Patrick Warburton
tt0844993,Joan Cusack
tt0844993,David Ogden Stiers
tt0844993,Bill Hader
tt0844993,Amy Poehler
tt0844993,Cory Edwards
tt0844993,Martin Short
tt0844993,Brad Garrett
tt0865911,Rudy Ruggiero
tt0865911,Barbara Kaudelka
tt0865911,Erwin Leder
tt0865911,Kawo Reland
tt0865911,Marie-Christine Friedrich
tt0865911,Tiberius Stanciu
tt0865911,Arthur Denberg
tt0865911,Herman van Veen
tt0865911,Andrea Schramek
tt0865911,Daniel Micheel
tt0893310,Burt Bulos
tt0893310,Emily Marie Grant
tt0893310,Lila Green
tt0893310,Mark Halfmoon
tt0893310,Conor Hamill
tt0893310,Charlie Hofheimer
tt0893310,Saurabh Kikani
tt0893310,Christa Martin
tt0893310,Kristin Minter
tt0893310,Ralph Peduto
tt0905372,Mary Elizabeth Winstead
tt0905372,Joel Edgerton
tt0905372,Ulrich Thomsen
tt0905372,Eric Christian Olsen
tt0905372,Adewale Akinnuoye-Agbaje
tt0905372,Paul Braunstein
tt0905372,Trond Espen Seim
tt0905372,Kim Bubbs
tt0905372,Jørgen Langhelle
tt0905372,Jan Gunnar Røise
tt0448022,Rachel Nichols
tt0448022,Jackson Hurst
tt0448022,Anjanette Comer
tt0448022,Linda Emond
tt0448022,Buck Henry
tt0448022,Judith Ivey
tt0448022,Erik Jensen
tt0448022,Kaiulani Lee
tt0448022,Matte Osian
tt0448022,Rocco Sisto
tt0480687,Owen Wilson
tt0480687,Jason Sudeikis
tt0480687,Christina Applegate
tt0480687,Jenna Fischer
tt0480687,Nicky Whelan
tt0480687,Richard Jenkins
tt0480687,Stephen Merchant
tt0480687,Larry Joe Campbell
tt0480687,Bruce Thomas
tt0480687,Tyler Hoechlin
tt0491152,Ginnifer Goodwin
tt0491152,Kate Hudson
tt0491152,Colin Egglesfield
tt0491152,John Krasinski
tt0491152,Steve Howey
tt0491152,Ashley Williams
tt0491152,Geoff Pierson
tt0491152,Jill Eikenberry
tt0491152,Jonathan Epstein
tt0491152,Leia Thompson
tt0770703,Anna Faris
tt0770703,Chris Evans
tt0770703,Ari Graynor
tt0770703,Blythe Danner
tt0770703,Ed Begley Jr.
tt0770703,Oliver Jackson-Cohen
tt0770703,Heather Burns
tt0770703,Eliza Coupe
tt0770703,Kate Simses
tt0770703,Tika Sumpter
tt0770819,Bill Mendieta
tt0770819,Tom Schanley
tt0770819,Jennifer Siebel Newsom
tt0770819,Genevieve Zweig
tt0770819,Amanda Noret
tt0770819,Kate Orsini
tt0770819,Raegan Payne
tt0770819,Jill Nicole Kuirsky
tt0770819,Sabra Williams
tt0770819,Juliet Grainger
tt0803061,Josh Lucas
tt0803061,Rachael Taylor
tt0803061,Rohan Nichol
tt0803061,Luke Ford
tt0803061,Arthur Angel
tt0803061,John Batchelor
tt0803061,Koko
tt0803061,Keisha Castle-Hughes
tt0803061,Noah Taylor
tt0803061,Loene Carmen
tt0439724,Michael Greco
tt0439724,Steven Berkoff
tt0439724,Jake Maskall
tt0439724,Meredith Ostrom
tt0439724,Gabrielle Jourdan
tt0439724,Mark Rathbone
tt0439724,Nick Townsend
tt0439724,Mark Wilson
tt0439724,Duncan Bannatyne
tt0439724,Suzannah Gardner
tt0781441,Carmen Maura
tt0781441,Julie Durand
tt0781441,Renaud Cestre
tt0781441,Thomas Sagols
tt0781441,Mathieu Simonet
tt0781441,François Berléand
tt0337692,Sam Riley
tt0337692,Garrett Hedlund
tt0337692,Kristen Stewart
tt0337692,Amy Adams
tt0337692,Tom Sturridge
tt0337692,Alice Braga
tt0337692,Elisabeth Moss
tt0337692,Danny Morgan
tt0337692,Kirsten Dunst
tt0337692,Viggo Mortensen
tt0426566,Federico Luppi
tt0426566,Ana Fernández
tt0426566,Matías Desiderio
tt0426566,Gabriel Corrado
tt0426566,Gustavo Garzón
tt0426566,Esther Goris
tt0426566,Susana Hornos
tt0426566,Nicolás Condito
tt0426566,Ricardo Galli
tt0426566,Melisa Goddio
tt0433533,Giselle Itié
tt0433533,Eduardo Paxeco
tt0433533,Catalina Saavedra
tt0433533,Marcelo Alonso
tt0433533,Juan Pablo Miranda
tt0433533,Hernán Lacalle
tt0433533,Luz Valdivieso
tt0433533,Matías Jara
tt0433533,Pablo Schwarz
tt0433533,Wil Edgar
tt0433787,Silvia Colloca
tt0433787,Laura Lattuada
tt0433787,John Phillip Law
tt0433787,Regina Nemni
tt0433787,Walter D'Errico
tt0433787,Francesca Rettondini
tt0433787,Fabrizio Spera
tt0433787,Paola Carleo
tt0433787,Alberto Viola
tt0433787,Andrea Riccardo Bruschi
tt0443272,Daniel Day-Lewis
tt0443272,Sally Field
tt0443272,David Strathairn
tt0443272,Joseph Gordon-Levitt
tt0443272,James Spader
tt0443272,Hal Holbrook
tt0443272,Tommy Lee Jones
tt0443272,John Hawkes
tt0443272,Jackie Earle Haley
tt0443272,Bruce McGill
tt0454876,Suraj Sharma
tt0454876,Irrfan Khan
tt0454876,Adil Hussain
tt0454876,Tabu
tt0454876,Ayush Tandon
tt0454876,Gautam Belur
tt0454876,Ayaan Khan
tt0454876,Mohd. Abbas Khaleeli
tt0454876,Vibish Sivakumar
tt0454876,Rafe Spall
tt0455323,Paul Dano
tt0455323,Robert De Niro
tt0455323,Julianne Moore
tt0455323,Olivia Thirlby
tt0455323,Eddie Rouse
tt0455323,Steve Cirbus
tt0455323,Lili Taylor
tt0455323,Victor Rasuk
tt0455323,Liam Broggy
tt0455323,Chris Chalk
tt0249516,Hilary Duff
tt0249516,Haylie Duff
tt0249516,Charlie Sheen
tt0249516,Eva Longoria
tt0249516,Wayne Brady
tt0249516,Christopher Lloyd
tt0249516,Chris Kattan
tt0249516,Larry Miller
tt0249516,Edward Asner
tt0249516,Jerry Stiller
tt0285252,Darren Geare
tt0285252,R.J. Knoll
tt0285252,Christopher Walken
tt0285252,Robert Wagner
tt0285252,Morgan Fairchild
tt0285252,Rutger Hauer
tt0285252,Christine Lakin
tt0285252,Beatrice Rosen
tt0285252,Robert Amstler
tt0285252,Saran Barnun
tt0383010,Sean Hayes
tt0383010,Chris Diamantopoulos
tt0383010,Will Sasso
tt0383010,Jane Lynch
tt0383010,Sofía Vergara
tt0383010,Jennifer Hudson
tt0383010,Craig Bierko
tt0383010,Stephen Collins
tt0383010,Larry David
tt0383010,Kirby Heyborne
tt0404978,Colin Firth
tt0404978,Cameron Diaz
tt0404978,Alan Rickman
tt0404978,Stanley Tucci
tt0404978,Tom Courtenay
tt0404978,Brodie Ross
tt0404978,Alex Macqueen
tt0404978,Joe Berryman
tt0404978,Ralph Alderman
tt0404978,Mike Noble
tt0452664,Marcelo Adnet
tt0452664,Eduardo Sterblitch
tt0452664,Mariana Ximenes
tt0452664,Stepan Nercessian
tt0452664,Elena Sopova
tt0452664,Susana Vieira
tt0452664,Luis Gustavo
tt0452664,Luís Carlos Miele
tt0452664,Andrea Beltrão
tt0452664,Xando Graça
tt0475360,Shane Patrick
tt0475360,Samantha Raddock
tt0475360,Chris Grabher
tt0475360,Wendy Charles
tt0475360,Mel England
tt0475360,Richard Whaley
tt0475360,Joe Hoover
tt0475360,Andrew Zutty
tt0475360,Tim McMurray
tt0475360,Jeffrey Paul Bobrick
tt0485521,Uwe Steimle
tt0485521,Julia Richter
tt0485521,Ina Paule Klink
tt0485521,Gen Seto
tt0485521,Michael Kind
tt0485521,Thorsten Merten
tt0485521,Yuki Iwamoto
tt0485521,Angelika Böttiger
tt0485521,Alexander Hörbe
tt0485521,Deborah Kaufmann
tt0763831,Eddie Murphy
tt0763831,Cliff Curtis
tt0763831,Kerry Washington
tt0763831,Clark Duke
tt0763831,Emanuel Ragsdale
tt0763831,Jill Basey
tt0763831,Greg Collins
tt0763831,Robert LeQuang
tt0763831,Michael G. Wilkinson
tt0763831,Lyndsey Nelson
tt0401729,Taylor Kitsch
tt0401729,Lynn Collins
tt0401729,Willem Dafoe
tt0401729,Samantha Morton
tt0401729,Thomas Haden Church
tt0401729,Mark Strong
tt0401729,Ciarán Hinds
tt0401729,Dominic West
tt0401729,James Purefoy
tt0401729,Bryan Cranston
tt0475239,Jay Rowlands
tt0475239,Alan Luxmore
tt0475239,Amy Colton
tt0475239,Fred Butler
tt0475239,Jeff Polage
tt0475239,Shayna Bell
tt0475239,Megan Boye
tt0475239,Jason Seitz
tt0475239,Del Marshall
tt0475239,LeeRoy Cannady
tt0485985,Cuba Gooding Jr.
tt0485985,Gerald McRaney
tt0485985,David Oyelowo
tt0485985,Andre Royo
tt0485985,Terrence Howard
tt0485985,Nate Parker
tt0485985,Tristan Mack Wilds
tt0485985,Ne-Yo
tt0485985,Elijah Kelley
tt0485985,Marcus T. Paulk
tt0790724,Tom Cruise
tt0790724,Rosamund Pike
tt0790724,Richard Jenkins
tt0790724,Werner Herzog
tt0790724,David Oyelowo
tt0790724,Jai Courtney
tt0790724,Vladimir Sizov
tt0790724,Joseph Sikora
tt0790724,Michael Raymond-James
tt0790724,Alexia Fast
tt0829176,Wesley Snipes
tt0829176,Kevin Howarth
tt0829176,Riley Smith
tt0829176,Tanit Phoenix
tt0829176,Simona Roman
tt0829176,Steven Elder
tt0829176,Patrick Bergin
tt0829176,Jay Grant
tt0829176,Hector Hugo
tt0829176,David De Beer
tt0848228,Robert Downey Jr.
tt0848228,Chris Evans
tt0848228,Scarlett Johansson
tt0848228,Jeremy Renner
tt0848228,Mark Ruffalo
tt0848228,Chris Hemsworth
tt0848228,Tom Hiddleston
tt0848228,Clark Gregg
tt0848228,Cobie Smulders
tt0848228,Stellan Skarsgård
tt0857190,Ray Winstone
tt0857190,Plan B
tt0857190,Hayley Atwell
tt0857190,Steven Mackintosh
tt0857190,Paul Anderson
tt0857190,Alan Ford
tt0857190,Damian Lewis
tt0857190,Caroline Chikezie
tt0857190,Allen Leech
tt0857190,Ronnie Fox
tt0860907,Megumi Ogata
tt0860907,Megumi Hayashibara
tt0860907,Yûko Miyamura
tt0860907,Maaya Sakamoto
tt0860907,Kotono Mitsuishi
tt0860907,Akira Ishida
tt0860907,Yuriko Yamaguchi
tt0860907,Fumihiko Tachiki
tt0860907,Motomu Kiyokawa
tt0860907,Takehito Koyasu
tt0948470,Andrew Garfield
tt0948470,Emma Stone
tt0948470,Rhys Ifans
tt0948470,Irrfan Khan
tt0948470,Denis Leary
tt0948470,Martin Sheen
tt0948470,Sally Field
tt0948470,Campbell Scott
tt0948470,Embeth Davidtz
tt0948470,Chris Zylka
tt0837562,Adam Sandler
tt0837562,Kevin James
tt0837562,Andy Samberg
tt0837562,Selena Gomez
tt0837562,Fran Drescher
tt0837562,Steve Buscemi
tt0837562,Molly Shannon
tt0837562,David Spade
tt0837562,CeeLo Green
tt0837562,Jon Lovitz
tt0903624,Martin Freeman
tt0903624,Ian McKellen
tt0903624,Richard Armitage
tt0903624,Andy Serkis
tt0903624,Ken Stott
tt0903624,Graham McTavish
tt0903624,William Kircher
tt0903624,James Nesbitt
tt0903624,Stephen Hunter
tt0903624,Dean O'Gorman
tt0431021,Natasha Calis
tt0431021,Jeffrey Dean Morgan
tt0431021,Kyra Sedgwick
tt0431021,Madison Davenport
tt0431021,Matisyahu
tt0431021,Grant Show
tt0431021,Rob LaBelle
tt0431021,Nana Gbewonyo
tt0431021,Anna Hagan
tt0431021,Brenda Crichlow
tt0495024,Piper Laurie
tt0495024,Conrad Janis
tt0495024,Bret Anthony
tt0495024,Cori Bright
tt0495024,Ashley Gorrell
tt0495024,Charles Hittinger
tt0495024,David Thomas Jenkins
tt0495024,Sofia Karstens
tt0495024,Jilon VanOver
tt0495024,Steven Christopher Parker
tt0850677,Riley Keough
tt0850677,Juno Temple
tt0850677,Kylie Minogue
tt0850677,Jackson Ning
tt0850677,Samantha Ives
tt0850677,Anika Jennie Ji
tt0850677,Michael Chernus
tt0850677,Thysson George Williams
tt0850677,Rock Kohli
tt0850677,Neal Huff
tt0938330,Adelaide Clemens
tt0938330,Kit Harington
tt0938330,Sean Bean
tt0938330,Carrie-Anne Moss
tt0938330,Radha Mitchell
tt0938330,Malcolm McDowell
tt0938330,Martin Donovan
tt0938330,Deborah Kara Unger
tt0938330,Roberto Campanella
tt0938330,Erin Pitt
tt0843839,Julian Bleach
tt0843839,Steve Smith
tt0843839,Will Strange
tt0843839,Jim Conway
tt0843839,Gavin Molloy
tt0843839,Dominic Cazenove
tt0843839,Daniel Sung
tt0843839,Emma Hill
tt0843839,Martin Beere
tt0843839,Sarah Desmond
tt0884726,Lea Michele
tt0884726,Kelsey Grammer
tt0884726,Dan Aykroyd
tt0884726,Jim Belushi
tt0884726,Tacey Adams
tt0884726,Michael Krawic
tt0884726,Martin Short
tt0884726,Bernadette Peters
tt0884726,Randi Soyland
tt0884726,Oliver Platt
tt0996958,Tara Cardinal
tt0996958,David Mackey
tt0996958,Ray Eddy
tt0996958,Eliza Swenson
tt0996958,Christian Boeving
tt0996958,Tom Nowicki
tt0996958,Shayne Leighton
tt0996958,Barry Ratcliffe
tt0996958,Christina Daoust
tt0996958,Lloyd Kaufman
tt0768222,Paul Sampson
tt0768222,David Carradine
tt0768222,Udo Kier
tt0768222,Norman Reedus
tt0768222,Billy Drago
tt0768222,Max Perlich
tt0768222,Nick Jameson
tt0768222,Jack Donner
tt0768222,Ingrid Sonray
tt0768222,Lisa Gleave
tt0963948,Charles Baker
tt0963948,Dylan Barth
tt0963948,Carlos Benitez
tt0963948,Donnie Blanz
tt0963948,Chad Briley
tt0963948,Paul Calahan
tt0963948,Bryan Chatlien
tt0963948,Mark Cosby
tt0963948,Larry Jack Dotson
tt0963948,Megan Duncan
tt10033686,Khalid Al Nuaimi
tt10033686,Yaser Al-Neyadi
tt10033686,Abdullah Alramsi
tt10033686,Saeed Alsheryani
tt10033686,Abdulla Al Hemairi
tt10033686,Mohammed Murshid
tt10033686,Mohamed Othman
tt10033686,Faisal Test
tt10121164,Chloe Sobejko
tt0463960,Rosamund Pike
tt0463960,Lena Olin
tt0463960,Dean Winters
tt0463960,Molly Price
tt0463960,Bern Cohen
tt0463960,Barbara Garrick
tt0463960,Jennifer Lawrence
tt0463960,Stephen Gevedon
tt0463960,Matthew Faber
tt0463960,Alan Coates
tt10039528,Aura
tt10039528,Cosmotropia de Xam
tt0837559,Jana Kramer
tt0837559,Sam Logan Khaleghi
tt0837559,Brandon T. Jackson
tt0837559,Mia Serafino
tt0837559,Jeffery Stetson
tt0837559,Michelle Lynne Balser
tt0837559,Matthew Szymanski
tt0837559,Dean Teaster
tt0837559,Janet Pound
tt0837559,Carollette Phillips
tt0804463,Colin Firth
tt0804463,Reese Witherspoon
tt0804463,Alessandro Nivola
tt0804463,James Hamrick
tt0804463,Seth Meriwether
tt0804463,Kristopher Higgins
tt0804463,Amy Ryan
tt0804463,Robert Baker
tt0804463,Collette Wolfe
tt0804463,Rex Linn
tt0338258,Charles Dance
tt0338258,Sean Bean
tt0338258,Rupert Grint
tt0338258,James D'Arcy
tt0338258,Jason Flemyng
tt0338258,Sam Spruell
tt0338258,Neil Maskell
tt0338258,Dave Legeno
tt0365907,Liam Neeson
tt0365907,Dan Stevens
tt0365907,David Harbour
tt0365907,Boyd Holbrook
tt0365907,Maurice Compte
tt0365907,Patrick McDade
tt0365907,Luciano Acuna Jr.
tt0365907,Hans Marrero
tt0365907,Laura Birn
tt0365907,Adam David Thompson
tt0424859,Michael Madsen
tt0424859,Jean-Hugues Anglade
tt0424859,Megan Maczko
tt0424859,Sabina Akhmedova
tt0424859,Leo Gregory
tt0424859,Wendy Thomas
tt0424859,Elana Krausz
tt0424859,Julia Verdin
tt0424859,Meredith Ostrom
tt0424859,David Birkin
tt0435651,Brenton Thwaites
tt0435651,Jeff Bridges
tt0435651,Meryl Streep
tt0435651,Taylor Swift
tt0435651,Alexander Skarsgård
tt0435651,Katie Holmes
tt0435651,Odeya Rush
tt0435651,Cameron Monaghan
tt0435651,Emma Tremblay
tt0435651,Alexander Jillings
tt0443465,Chris Evans
tt0443465,Alice Eve
tt0443465,Emma Fitzpatrick
tt0443465,John Cullum
tt0443465,Mark Kassen
tt0443465,Elijah Moreland
tt0443465,Daniel Spink
tt0443465,Grim Reaper Q.
tt0443465,Dorothi Fox
tt0443465,Allie Woods Jr.
tt0458413,Pierce Brosnan
tt0458413,Toni Collette
tt0458413,Imogen Poots
tt0458413,Aaron Paul
tt0458413,Sarah Andre White
tt0458413,Joe Cole
tt0458413,Evelyn Duah
tt0458413,Therese Bradley
tt0458413,Sam Neill
tt0458413,Priyanga Burford
tt0470752,Alicia Vikander
tt0470752,Domhnall Gleeson
tt0470752,Oscar Isaac
tt0470752,Sonoya Mizuno
tt0470752,Corey Johnson
tt0470752,Claire Selby
tt0470752,Symara A. Templeman
tt0470752,Gana Bayarsaikhan
tt0470752,Tiffany Pisani
tt0470752,Elina Alminas
tt0485535,Dilip Tadeshwar
tt0485535,Rakhi Sawant
tt0485535,Donny Kapoor
tt0485535,Rakesh Bedi
tt0485535,Javed Khan Amrohi
tt0485535,Vishwajeet Pradhan
tt0485535,Raza Murad
tt0485535,Geeta Nishad
tt0485535,Shubhangi
tt0485535,Ramesh Goyal
tt0016906,José López Alonso
tt0016906,Juan Belmonte
tt0016906,María Caballé
tt0016906,Miguel Ligero
tt0016906,Felisa López
tt0016906,Blanca Pozas
tt0016906,Ramper
tt0016906,Rosita Rodrigo
tt0016906,Olvido Rodríguez
tt0016906,Eva Stachino
tt0329539,Pat Morita
tt0329539,Martin Kove
tt0329539,Ian Lithgow
tt0329539,Dean Haglund
tt0329539,Cat Ling
tt0329539,Joe Estevez
tt0329539,Gregg Joseph Monk
tt0329539,Fred Toma
tt0329539,Jacqeline Jetter
tt0329539,Evgeniy Lazarev
tt0780548,Jonathan Daniel Brown
tt0780548,Kenny Wormald
tt0780548,Aaron Yoo
tt0780548,Ron Perlman
tt0780548,John C. McGinley
tt0780548,Corey Large
tt0780548,Bryce Hodgson
tt0780548,Alex Arsenault
tt0780548,Jeffrey Ballard
tt0780548,Luke Jennings
tt0787474,Ben Kingsley
tt0787474,Jared Harris
tt0787474,Nick Frost
tt0787474,Richard Ayoade
tt0787474,Steve Blum
tt0787474,Dee Bradley Baker
tt0787474,Max Mitchell
tt0787474,Tracy Morgan
tt0787474,Nika Futterman
tt0787474,Pat Fraley
tt0862748,Shun Oguri
tt0862748,Jerry Yan
tt0862748,Tetsuji Tamayama
tt0862748,Gô Ayano
tt0862748,Meisa Kuroki
tt0862748,Kim Joon
tt0862748,Kim Joon
tt0862748,Thanayong Wongtrakul
tt0862748,Yuka Nakayama
tt0862748,Kazutaka Yoshii
tt0864835,Ty Burrell
tt0864835,Max Charles
tt0864835,Stephen Colbert
tt0864835,Leslie Mann
tt0864835,Lauri Fraser
tt0864835,Guillaume Aretos
tt0864835,Pat Musick
tt0864835,Ariel Winter
tt0864835,Karan Brar
tt0864835,Joshua Rush
tt0403935,Prabhas
tt0403935,Ajay Devgn
tt0403935,Shahid Kapoor
tt0403935,Yami Gautam
tt0403935,Sonakshi Sinha
tt0403935,Shaji Chaudhary
tt0403935,Prabhu Deva
tt0403935,Rajesh Khattar
tt0403935,Razak Khan
tt0403935,Ketan Karande
tt0455944,Denzel Washington
tt0455944,Marton Csokas
tt0455944,Chloë Grace Moretz
tt0455944,David Harbour
tt0455944,Haley Bennett
tt0455944,Bill Pullman
tt0455944,Melissa Leo
tt0455944,David Meunier
tt0455944,Johnny Skourtis
tt0455944,Alex Veadov
tt0458481,Mickey Rourke
tt0458481,Jessica Alba
tt0458481,Josh Brolin
tt0458481,Joseph Gordon-Levitt
tt0458481,Rosario Dawson
tt0458481,Bruce Willis
tt0458481,Eva Green
tt0458481,Powers Boothe
tt0458481,Dennis Haysbert
tt0458481,Ray Liotta
tt0772175,Blanche Baker
tt0772175,Bo Svenson
tt0772175,Christopher Mann
tt0772175,Sal Mazzotta
tt0772175,Maria Soccor
tt0772175,Johnny Williams
tt0772175,Jerry Lyden
tt0772175,Steve Giambattista
tt0772175,T.J. Glenn
tt0772175,Brian Anthony Wilson
tt0829150,Luke Evans
tt0829150,Dominic Cooper
tt0829150,Sarah Gadon
tt0829150,Art Parkinson
tt0829150,Charles Dance
tt0829150,Diarmaid Murtagh
tt0829150,Paul Kaye
tt0829150,William Houston
tt0829150,Noah Huntley
tt0829150,Ronan Vibert
tt0831387,Aaron Taylor-Johnson
tt0831387,Elizabeth Olsen
tt0831387,Bryan Cranston
tt0831387,Ken Watanabe
tt0831387,CJ Adams
tt0831387,Carson Bolde
tt0831387,Sally Hawkins
tt0831387,Juliette Binoche
tt0831387,David Strathairn
tt0831387,Richard T. Jones
tt0835775,Osgood Perkins
tt0835775,Patricia Arquette
tt0835775,Chloë Sevigny
tt0835775,Vinessa Shaw
tt0835775,Kate Micucci
tt0835775,Constance Wu
tt0835775,Isabel Lucas
tt0835775,Jim Sturgess
tt0835775,Christopher Lambert
tt0835775,James Ransone
tt0498351,Owen Wilson
tt0498351,Christina Ricci
tt0498351,Rosie Perez
tt0498351,Wayne Brady
tt0498351,Elizabeth Daily
tt0498351,Tom Lowell
tt0498351,Jess Harnell
tt0498351,Frank Gladstone
tt0498351,David Kaye
tt0498351,Robin Howard
tt0892062,Bobby Ciraldo
tt0892062,Robert Richard Jorge
tt0892062,Andrew Swant
tt0892062,Dustin Diamond
tt0892062,Mark Metcalf
tt0892062,Majel Barrett
tt0892062,Trace Beaulieu
tt0892062,Kevin Murphy
tt0892062,Vincent Price
tt0892062,Kumar Pallana
tt0464054,James Aaron Oliver
tt0464054,Jonathan Mangum
tt0464054,Alison Raimondi
tt0464054,Angela Jones
tt0464054,Lance Henriksen
tt0464054,John-Dylan Howard
tt0464054,Marco Greco
tt0464054,Ellen Geer
tt0464054,Gizelle D'Cole
tt0464054,Yusuf Gatewood
tt1015471,Georgie Henley
tt1015471,Kara Hayward
tt1015471,Willa Cuthrell-Tuttleman
tt1015471,Olivia DeJonge
tt1015471,Kal Penn
tt1015471,Laura Fraser
tt1015471,Gary Wilmes
tt1015471,Neal Huff
tt1015471,Hudson Yang
tt1015471,Louis Ozawa
tt0900387,Michelle Williams
tt0900387,Kristin Scott Thomas
tt0900387,Margot Robbie
tt0900387,Eric Godon
tt0900387,Deborah Findlay
tt0900387,Ruth Wilson
tt0900387,Sam Riley
tt0900387,Vincent Doms
tt0900387,Simon Dutton
tt0900387,Diana Kent
tt10006510,Sahil Akhtar
tt10006510,Sahil Akhtar
tt10006510,Govind Mishra
tt10006510,Michelle Shah
tt10006510,Archana Singh
tt10006510,Shailendra Pratap Singh
tt10006510,Arshi Suryavanshi
tt10006510,Manish Uppal
tt10035404,Ilya Kapanets
tt10035404,Kostya Kapskiy
tt10035404,Andrey Karako
tt10035404,Evelina Sakuro
tt10035404,Yana Shivkova
tt10039022,Shilpa Chakravarthy
tt10039022,Nikil Chakravathy
tt10039022,Simran Choudhary
tt10039022,Gundu Hanumantha Rao
tt10039022,Kondavalasa Lakshmana
tt10039022,Manish
tt10039022,Melkote
tt10039022,Nagineedu
tt10039022,M.S. Narayana
tt10039022,Dharmavarapu Subramanyam
tt0337926,Marco Ricca
tt0337926,Andrea Beltrão
tt0337926,Paulo Betti
tt0337926,Letícia Sabatella
tt0337926,Leandra Leal
tt0337926,Gabriel Braga Nunes
tt0337926,Eliane Giardini
tt0337926,Zezé Polessa
tt0337926,Marcos Oliveira
tt0337926,Ricardo Blat
tt0346045,Mireia Aixalà
tt0346045,Martin Aslan
tt0346045,Héctor Atienza
tt0346045,Anna Azcona
tt0346045,Carlota Benet
tt0346045,Nerea Blanco
tt0346045,Amaury Brigante
tt0346045,Gemma Brió
tt0346045,Manuel Bronchud
tt0346045,Marcelo Bukin
tt0420293,Ezra Miller
tt0420293,Tye Sheridan
tt0420293,Billy Crudup
tt0420293,Olivia Thirlby
tt0420293,Michael Angarano
tt0420293,Moises Arias
tt0420293,Nicholas Braun
tt0420293,Gaius Charles
tt0420293,Keir Gilchrist
tt0420293,Ki Hong Lee
tt0462335,Tom Hiddleston
tt0462335,Jeremy Irons
tt0462335,Sienna Miller
tt0462335,Luke Evans
tt0462335,Elisabeth Moss
tt0462335,James Purefoy
tt0462335,Keeley Hawes
tt0462335,Peter Ferdinando
tt0462335,Sienna Guillory
tt0462335,Reece Shearsmith
tt0787524,Dev Patel
tt0787524,Jeremy Irons
tt0787524,Malcolm Sinclair
tt0787524,Raghuvir Joshi
tt0787524,Dhritiman Chatterjee
tt0787524,Stephen Fry
tt0787524,Arundathi Nag
tt0787524,Devika Bhise
tt0787524,Pádraic Delaney
tt0787524,Toby Jones
tt0790770,Don Cheadle
tt0790770,Emayatzy Corinealdi
tt0790770,Ewan McGregor
tt0790770,Michael Stuhlbarg
tt0790770,LaKeith Stanfield
tt0790770,Brian Bowman
tt0790770,Christina Karis
tt0790770,Brent Vimtrup
tt0790770,Michael Bath
tt0790770,Reginald Willis
tt0810819,Eddie Redmayne
tt0810819,Alicia Vikander
tt0810819,Amber Heard
tt0810819,Ben Whishaw
tt0810819,Tusse Silberg
tt0810819,Adrian Schiller
tt0810819,Emerald Fennell
tt0810819,Henry Pettigrew
tt0810819,Claus Bue
tt0810819,Peter Krag
tt0191476,Horatiu Malaele
tt0191476,Ion Besoiu
tt0191476,Alexandru Bindea
tt0191476,Coca Bloos
tt0191476,Cecilia Bârbora
tt0191476,Ana Ciontea
tt0191476,Gheorghe Dinica
tt0191476,Bujor Macrin
tt0191476,Ruxandra Sireteanu
tt0191476,Valentin Teodosiu
tt0478970,Paul Rudd
tt0478970,Michael Douglas
tt0478970,Corey Stoll
tt0478970,Evangeline Lilly
tt0478970,Bobby Cannavale
tt0478970,Anthony Mackie
tt0478970,Judy Greer
tt0478970,Abby Ryder Fortson
tt0478970,Michael Peña
tt0478970,David Dastmalchian
tt0884732,Kevin Hart
tt0884732,Josh Gad
tt0884732,Kaley Cuoco
tt0884732,Affion Crockett
tt0884732,Jorge Garcia
tt0884732,Dan Gill
tt0884732,Corey Holcomb
tt0884732,Ken Howard
tt0884732,Colin Kane
tt0884732,Cloris Leachman
tt0369610,Chris Pratt
tt0369610,Bryce Dallas Howard
tt0369610,Ty Simpkins
tt0369610,Judy Greer
tt0369610,Irrfan Khan
tt0369610,Vincent D'Onofrio
tt0369610,Nick Robinson
tt0369610,Jake Johnson
tt0369610,Omar Sy
tt0369610,BD Wong
tt1014763,Tom Hardy
tt1014763,Gary Oldman
tt1014763,Noomi Rapace
tt1014763,Joel Kinnaman
tt1014763,Xavier Atkins
tt1014763,Mark Lewis Jones
tt1014763,Fares Fares
tt1014763,Karel Dobrý
tt1014763,Agnieszka Grochowska
tt1014763,Petr Vanek
tt0850678,Matthew O. Sloan
tt0850678,Kim Jiang Dubaniewicz
tt0850678,Luona Wang
tt0850678,Jeff Bredt
tt0850678,Frank Wenhai Wong
tt0850678,Becky Wu
tt0850678,Paris Wages
tt0850678,Kavita Matani
tt0850678,Muder Kothari
tt0850678,Feodor Chin
tt0977643,Vinod Khanna
tt0977643,Sudhanshu Pandey
tt0977643,Mohnish Behl
tt0977643,Vikas Bhalla
tt0977643,Pankaj Dheer
tt0977643,Jonita Doda
tt0977643,Rinil Routh
tt0977643,Parikshit Sahni
tt0977643,Gracy Singh
tt0977643,Sukhwinder Singh
tt0315642,Amitabh Bachchan
tt0315642,Farhan Akhtar
tt0315642,Aditi Rao Hydari
tt0315642,John Abraham
tt0315642,Manav Kaul
tt0315642,Neil Nitin Mukesh
tt0315642,Anjumm Shharma
tt0315642,Prakash Belawadi
tt0315642,Murli Sharma
tt0315642,Nasir Khan
tt0376479,Ewan McGregor
tt0376479,Jennifer Connelly
tt0376479,Dakota Fanning
tt0376479,Peter Riegert
tt0376479,Rupert Evans
tt0376479,Uzo Aduba
tt0376479,Molly Parker
tt0376479,Valorie Curry
tt0376479,Hannah Nordberg
tt0376479,Julia Silverman
tt0443533,Gemma Arterton
tt0443533,Elliott Gould
tt0443533,Derek Jacobi
tt0443533,Sophie Nélisse
tt0443533,Torri Higginson
tt0443533,Mark Rendall
tt0443533,Jamie Bloch
tt0443533,Alex Ozerov-Meyer
tt0443533,William Ainscough
tt0443533,Masa Lizdek
tt0470936,Yana Drouz
tt0470936,Ashot Adamyan
tt0470936,Karen Dzhanibekyan
tt0470936,Hrachya Harutyunyan
tt0470936,Heghine Hovhannisyan
tt0470936,Harutyun Movsisyan
tt0470936,Vigen Stepanyan
tt0475290,Josh Brolin
tt0475290,George Clooney
tt0475290,Alden Ehrenreich
tt0475290,Ralph Fiennes
tt0475290,Scarlett Johansson
tt0475290,Tilda Swinton
tt0475290,Channing Tatum
tt0475290,Frances McDormand
tt0475290,Jonah Hill
tt0475290,Veronica Osorio
tt0490215,Andrew Garfield
tt0490215,Adam Driver
tt0490215,Liam Neeson
tt0490215,Tadanobu Asano
tt0490215,Ciarán Hinds
tt0490215,Issei Ogata
tt0490215,Shin'ya Tsukamoto
tt0490215,Yoshi Oida
tt0490215,Yôsuke Kubozuka
tt0490215,Kaoru Endô
tt0493076,Zoe Saldana
tt0493076,David Oyelowo
tt0493076,Kevin Mambo
tt0493076,Ronald Guttman
tt0493076,Chuma Gault
tt0493076,Allison Sarofim
tt0493076,Mike Epps
tt0493076,Keith David
tt0493076,Ella Joyce
tt0493076,Stevens Gaston
tt0838194,Geoffrey Lewis
tt0838194,Richard Roundtree
tt0838194,Branden Williams
tt0838194,Charlie Talbert
tt0838194,Dian Bachar
tt0838194,Tim Colceri
tt0838194,Michael Wiseman
tt0838194,Lightfield Lewis
tt0838194,Matt Easton
tt0838194,Tomi Davis
tt0765453,Joey Cummings
tt0765453,Ty Paige
tt0765453,Clarence Phillpot
tt0821486,Chris Elwood
tt0821486,Linda Shing
tt0821486,Eddie Daniels
tt0821486,Jenni Pulos
tt0821486,Sarah Maria Newman
tt0821486,Stephanie L. Moore
tt0821486,Peter Abbay
tt0821486,Vincent Foster
tt0821486,Cheryl David
tt0821486,Cherish Alexander
tt0364201,Sonia Albizuri
tt0364201,Dev Anand
tt0364201,Bob Christo
tt0364201,Roopa Ganguly
tt0364201,Jaaved Jaaferi
tt0364201,Anup Jalota
tt0364201,Kader Khan
tt0364201,Kiran Kumar
tt0364201,Hema Malini
tt0364201,Aashif Sheikh
tt0775440,John Cusack
tt0775440,Samuel L. Jackson
tt0775440,Isabelle Fuhrman
tt0775440,Clark Sarullo
tt0775440,Ethan Andrew Casto
tt0775440,Owen Teague
tt0775440,Stacy Keach
tt0775440,Joshua Mikel
tt0775440,Anthony Reynolds
tt0775440,Erin Elizabeth Burns
tt0803096,Travis Fimmel
tt0803096,Paula Patton
tt0803096,Ben Foster
tt0803096,Dominic Cooper
tt0803096,Toby Kebbell
tt0803096,Ben Schnetzer
tt0803096,Robert Kazinsky
tt0803096,Clancy Brown
tt0803096,Daniel Wu
tt0803096,Ruth Negga
tt0825283,Allie Marie Evans
tt0825283,Patrick Johnson
tt0825283,Lyliana Wray
tt0825283,Luke Gregory Crosby
tt0825283,Gavin Lewis
tt0825283,Tetona Jackson
tt0825283,Zayne Emory
tt0825283,Carrie Alexander
tt0825283,Lillie Jacobs
tt0825283,Zander Faden
tt0918940,Alexander Skarsgård
tt0918940,Rory J Saper
tt0918940,Christian Stevens
tt0918940,Christoph Waltz
tt0918940,Samuel L. Jackson
tt0918940,Margot Robbie
tt0918940,Sidney Ralitsoele
tt0918940,Osy Ikhile
tt0918940,Mens-Sana Tamakloe
tt0918940,Antony Acheampong
tt0848554,Adam Pitman
tt0848554,Nathaniel Peterson
tt0848554,Rian Jairell
tt0848554,Jaime Perkins
tt0848554,Gill Gayle
tt0848554,Sarina Hart
tt0848554,Tony Hernandez
tt0848554,Kent Harper
tt0848554,Adam Stilwell
tt0848554,Jasmine John
tt10115340,Rachel Audrey
tt10115340,Mari K.
tt10115340,Antoni Maiovvi
tt10115340,Mr. Manic
tt10115340,Angelis Sintesis
tt10115340,Sisen
tt10115340,Irma Vep
tt0918520,Rachel Lloyd
tt0918520,Julian Glover
tt0918520,Jerry Hall
tt0918520,Jeroen Krabbé
tt0918520,James Jagger
tt0918520,Gina Akers
tt0918520,Andrew Alexander
tt0918520,Dean Allum
tt0918520,Andy
tt0918520,Adrian Annis
tt0087963,Helen Chan
tt0087963,Olivia Cheng
tt0087963,Samuel Hui
tt0087963,Dean Shek
tt0087963,Jenny Tseng
tt0087963,Melvin Wong
tt0100275,Luis Alarcón
tt0100275,Patricia Rivadeneira
tt0100275,Francisco Reyes
tt0100275,Consuelo Castillo
tt0100275,Roberto Poblete
tt0100275,Liliana García
tt0100275,Mauricio Pesutic
tt0100275,Leticia Garrido
tt0100275,Marcial Edwards
tt0100275,Fernando Bordeu
tt0137204,Anthony Harrison
tt0137204,C. Ernst Harth
tt0137204,Ellie Harvie
tt0137204,Chilton Crane
tt0137204,Ron Chartier
tt0137204,Dmitry Chepovetsky
tt0137204,Bruce Dawson
tt0137204,Rheta Hutton
tt0137204,Ivan Krapic
tt0137204,Johannah Newmarch
tt0460890,Callum Turner
tt0460890,Kate Beckinsale
tt0460890,Pierce Brosnan
tt0460890,Cynthia Nixon
tt0460890,Jeff Bridges
tt0460890,Kiersey Clemons
tt0460890,Tate Donovan
tt0460890,Wallace Shawn
tt0460890,Anh Duong
tt0460890,Debi Mazar
tt0491203,Alicia Vikander
tt0491203,Dane DeHaan
tt0491203,Jack O'Connell
tt0491203,Holliday Grainger
tt0491203,Tom Hollander
tt0491203,Matthew Morrison
tt0491203,Kevin McKidd
tt0491203,Douglas Hodge
tt0491203,Joanna Scanlan
tt0491203,Zach Galifianakis
tt0491175,Matt Damon
tt0491175,Julianne Moore
tt0491175,Oscar Isaac
tt0491175,Noah Jupe
tt0491175,Steve Monroe
tt0491175,Gavin Wilde
tt0491175,Landon Gordon
tt0491175,Hope Banks
tt0491175,Karimah Westbrook
tt0491175,James Handy
tt0498381,Matilda Anna Ingrid Lutz
tt0498381,Alex Roe
tt0498381,Johnny Galecki
tt0498381,Vincent D'Onofrio
tt0498381,Aimee Teegarden
tt0498381,Bonnie Morgan
tt0498381,Se Oh
tt0498381,Patrick Walker
tt0498381,Zach Roerig
tt0498381,Laura Wiggins
tt0825334,Gladys Florence
tt0825334,Gladys Rose
tt0825334,Tom Troupe
tt0825334,Frank Leboeuf
tt0825334,Domiziano Arcangeli
tt0825334,Peter Kiedrowski
tt0825334,Andrea Grassi
tt0825334,Ettore Belmondo
tt0825334,Matteo Sapio
tt0825334,Marzia Ciacci
tt0835802,Rosario Dawson
tt0835802,Nick Robinson
tt0835802,Tip 'T.I.' Harris
tt0835802,Grant Gustin
tt0835802,Felicity Huffman
tt0835802,William H. Macy
tt0835802,Jacob Latimore
tt0835802,Rick Fox
tt0835802,William Fichtner
tt0835802,Kathy Bates
tt0331314,John Goodman
tt0331314,Jeff Foxworthy
tt0331314,Kelsey Grammer
tt0331314,Johnny Orlando
tt0331314,Lola Wayne Villa
tt0331314,Kay Cole
tt0331314,Mark Hamill
tt0331314,Dorien Davies
tt0331314,Peter Chew
tt0331314,Jeremy Guskin
tt0493405,Michael Peña
tt0493405,Dax Shepard
tt0493405,Vincent D'Onofrio
tt0493405,Rosa Salazar
tt0493405,Jessica McNamee
tt0493405,Adam Brody
tt0493405,Isiah Whitlock Jr.
tt0493405,Richard T. Jones
tt0493405,Ryan Hansen
tt0493405,Jane Kaczmarek
tt0451279,Gal Gadot
tt0451279,Chris Pine
tt0451279,Robin Wright
tt0451279,Lucy Davis
tt0451279,Connie Nielsen
tt0451279,Danny Huston
tt0451279,David Thewlis
tt0451279,Saïd Taghmaoui
tt0451279,Ewen Bremner
tt0451279,Eugene Brave Rock
tt0974015,Ben Affleck
tt0974015,Gal Gadot
tt0974015,Jason Momoa
tt0974015,Ezra Miller
tt0974015,Henry Cavill
tt0974015,Amy Adams
tt0974015,Ray Fisher
tt0974015,Jeremy Irons
tt0974015,Diane Lane
tt0974015,Connie Nielsen
tt10010820,Mateo d'Amato
tt10010820,Al Patrick Jo
tt10010820,William Perry
tt10010820,Teddy Valdes
tt10010820,Olivia Washington
tt10010820,Kingsley Yeboah
tt10028030,Yash Kadam
tt10028030,Sanjay Khapre
tt10028030,Upendra Limaye
tt10028030,Savita Malpekar
tt10028030,Triyug Mantri
tt10028030,Priyanka Nagare
tt10028030,Vijay Nikam
tt10028030,Neha Pendse
tt10028030,Sayaji Shinde
tt10028030,Sunil Tawade
tt0339736,Sean Patrick Flanery
tt0339736,Dina Meyer
tt0339736,Frederick Koehler
tt0339736,Michael Berryman
tt0339736,Francis Guinan
tt0339736,Brianna Brown
tt0339736,Kim Darby
tt0339736,Matthew McGrory
tt0339736,Tim Bagley
tt0339736,Randy Sklar
tt0451201,Wade Sullivan
tt0451201,Cynthia Calvert
tt0451201,Felissa Rose
tt0451201,Tiffany Shepis
tt0451201,Colleen Kelly
tt0451201,Chelsey Crisp
tt0451201,Victor Ratliff
tt0451201,Mark Elias
tt0451201,Anthony Connell
tt0451201,Sara Astin
tt10028240,Jeremy Israel
tt10028240,Cassandra Noel
tt10028240,Evann Rodriguez
tt10028240,Jérémy Vieillefon
tt10045134,Gleb Makhankov
tt10045134,Yuliya Medvedeva-Titarenko
tt10045134,Dina Bobyleva
tt10045134,Alexandra Panova
tt10045134,Sergey Pomerantsev
tt10045134,Alisa Pravda
tt10045134,Irina Rudominskaya
tt10045134,Dmitrii Sarancha
tt10045134,Anton Simonov
tt10045134,Alexander Yakovlev
tt0874268,David Arrow
tt0874268,Steven Berkoff
tt0874268,Claudia Christian
tt0874268,Maria Dinulescu
tt0874268,Jonathan Breck
tt0874268,Raymond J. Barry
tt0874268,Bryan Jardine
tt0874268,Dorel Visan
tt0874268,Mihai Nita
tt0874268,Theodor Danetti
tt0069049,John Huston
tt0069049,Oja Kodar
tt0069049,Peter Bogdanovich
tt0069049,Susan Strasberg
tt0069049,Norman Foster
tt0069049,Robert Random
tt0069049,Lilli Palmer
tt0069049,Edmond O'Brien
tt0069049,Mercedes McCambridge
tt0069049,Cameron Mitchell
tt0192528,Cheryl M. Lynn
tt0192528,Chase Nash
tt0192528,Burt Ward
tt0192528,Dean Simone
tt0192528,Robert Bernard Nello
tt0192528,Patrick Wright
tt0192528,Bill Collard
tt0192528,Charles Dierkop
tt0192528,Mike Nyman
tt0192528,Carl Gilliard
tt0276568,Richard Bradford
tt0276568,Ron Randell
tt0276568,Anton Rodgers
tt0276568,Norman Rossington
tt0276568,Yôko Tani
tt0328810,Saswata Chatterjee
tt0328810,Nandita Das
tt0328810,Kaushik Sen
tt0328810,Asit Basu
tt0328810,Asit Basu
tt0328810,Shibani Bhattachariya
tt0328810,Barun Chakraborty
tt0328810,Bibhas Chakraborty
tt0328810,Nimai Lahiri
tt0328810,Arun Mukherjee
tt0360556,Michael B. Jordan
tt0360556,Aaron Davis
tt0360556,Cindy Katz
tt0360556,Michael Shannon
tt0360556,Mayko Nguyen
tt0360556,Dylan Taylor
tt0360556,Saad Siddiqui
tt0360556,Katherine Cullen
tt0360556,Edsson Morales
tt0360556,Jordan Baker
tt0365545,Sanaa Lathan
tt0365545,Ricky Whittle
tt0365545,Lyriq Bent
tt0365545,Lynn Whitfield
tt0365545,Ernie Hudson
tt0365545,Daria Johns
tt0365545,Camille Guaty
tt0365545,Brittany S. Hall
tt0365545,Terry Serpico
tt0365545,Jen Harper
tt0427543,Aaron Taylor-Johnson
tt0427543,Billy Bob Thornton
tt0427543,Odessa Young
tt0427543,Giovanni Ribisi
tt0427543,Juliette Lewis
tt0427543,Dash Mihok
tt0427543,Charles Parnell
tt0427543,Ryan Hurst
tt0427543,David Dastmalchian
tt0427543,Tom Amandes
tt0111414,Tommy Dysart
tt0862930,Umie Aida
tt0862930,Faizal Hussein
tt0862930,Namron
tt0862930,Hasnul Rahmat
tt0862930,Adlin Aman Ramlie
tt0862930,Elyana
tt0862930,Kin Wah Chew
tt0862930,Sofi Jikan
tt0862930,Bront Palarae
tt0862930,Ramli Hassan
tt0859635,Jay Chandrasekhar
tt0859635,Kevin Heffernan
tt0859635,Steve Lemme
tt0859635,Paul Soter
tt0859635,Seann William Scott
tt0859635,Clifton Collins Jr.
tt0859635,Erik Stolhanske
tt0859635,Damon Wayans Jr.
tt0859635,Brian Cox
tt0859635,Marisa Coughlan
tt0972544,Alex Pettyfer
tt0972544,Jennifer Morrison
tt0972544,Nicola Peltz Beckham
tt0972544,Chiara Aurelia
tt0972544,Hala Finley
tt0972544,June Carryl
tt0972544,Robert Patrick
tt0972544,Juliette Lewis
tt0972544,Robert Longstreet
tt0972544,Jeff Pope
tt10004396,Arash Aasefi
tt10004396,Arefeh Akbari
tt10004396,Azarmidokht Azizi
tt10004396,Ali Ghayoumi
tt10004396,Mitra Hajjar
tt10004396,Mehdi Heidari
tt10004396,Hossein Heshmatian
tt10004396,Hamed Hosseini
tt10004396,Alireza Houshyar
tt10004396,Mehrdad Jafarian
tt0011216,Ève Francis
tt0011216,Gabriel Gabrio
tt0011216,Jean Toulout
tt0011216,Gaston Modot
tt0011216,Anna Gay
tt0011216,Robert Delsol
tt0083060,Shanshan Chang
tt0083060,Bichuan Guo
tt0083060,Yunhui Jiang
tt0083060,Ping Li
tt0083060,Jun Lu
tt0116991,Geraldine O'Rawe
tt0116991,Eva Marie Saint
tt0116991,Alex Appel
tt0116991,Nancy Beatty
tt0116991,Rutger Hauer
tt0116991,John Mahoney
tt0116991,Mary McDonnell
tt0116991,Cara Pifko
tt0116991,Leigh Taylor-Young
tt0116991,Megan Banning
tt0339917,Tianliu Jiang
tt0339917,Guiling Wang
tt0339917,Ming Wen
tt0339917,Yinyan Wu
tt0339917,Dan Zhao
tt0385887,Edward Norton
tt0385887,Gugu Mbatha-Raw
tt0385887,Alec Baldwin
tt0385887,Willem Dafoe
tt0385887,Bruce Willis
tt0385887,Ethan Suplee
tt0385887,Cherry Jones
tt0385887,Bobby Cannavale
tt0385887,Dallas Roberts
tt0385887,Josh Pais
tt0441881,Travis Fimmel
tt0441881,Toby Blome
tt0441881,Alexander England
tt0441881,Aaron Glenane
tt0441881,Uli Latukefu
tt0441881,Rihari Te Are
tt0441881,Luke Bracey
tt0441881,Sean McCarthy
tt0441881,Mojean Aria
tt0441881,Ryan Hance
tt0783640,Sebastian Stan
tt0783640,Alison Sudol
tt0783640,Asher Miles Fallica
tt0783640,LisaGay Hamilton
tt0783640,Bradley Whitford
tt0783640,William Hurt
tt0783640,Linus Roache
tt0783640,Jeremy Irvine
tt0783640,Christopher Plummer
tt0783640,Diane Ladd
tt0448115,Zachary Levi
tt0448115,Mark Strong
tt0448115,Asher Angel
tt0448115,Jack Dylan Grazer
tt0448115,Adam Brody
tt0448115,Djimon Hounsou
tt0448115,Faithe Herman
tt0448115,Meagan Good
tt0448115,Grace Caroline Currey
tt0448115,Michelle Borth
tt0800325,Douglas Booth
tt0800325,Iwan Rheon
tt0800325,Colson Baker
tt0800325,Daniel Webber
tt0800325,Erin Ownbey
tt0800325,Aaron Jay Rome
tt0800325,Alyssa Marie Stilwell
tt0800325,Brittany Furlan
tt0800325,Trace Masters
tt0800325,Matthew Underwood
tt0011801,Lupu Pick
tt0011801,Edith Posca
tt0011801,Johannes Riemann
tt0011801,Fritz Schulz
tt0011801,Albert Patry
tt0011801,Eduard Rothauser
tt0011801,Bernhard Goetzke
tt0011801,Rudolf Klein-Rhoden
tt0011801,Paul Biensfeldt
tt0011801,Emilie Kurz
tt0437086,Rosa Salazar
tt0437086,Christoph Waltz
tt0437086,Jennifer Connelly
tt0437086,Mahershala Ali
tt0437086,Ed Skrein
tt0437086,Jackie Earle Haley
tt0437086,Keean Johnson
tt0437086,Jorge Lendeborg Jr.
tt0437086,Lana Condor
tt0437086,Idara Victor
tt0837563,Jason Clarke
tt0837563,Amy Seimetz
tt0837563,John Lithgow
tt0837563,Jeté Laurence
tt0837563,Hugo Lavoie
tt0837563,Lucas Lavoie
tt0837563,Obssa Ahmed
tt0837563,Alyssa Brooke Levine
tt0837563,Maria Herrera
tt0837563,Frank Schorpion
tt0810836,Kelly Macdonald
tt0810836,Garrett Hedlund
tt0810836,Badger
tt0810836,Jacob Clayton
tt0810836,Kohen Mills
tt0810836,David Wenham
tt0810836,Andy King
tt0810836,Fern Nicholson
tt0810836,Aaron Pedersen
tt0810836,George Mason
tt0062336,Rubén Sotoconil
tt0062336,Claudia Paz
tt0062336,Luis Alarcón
tt0062336,Shenda Román
tt0062336,Luis Vilches
tt0062336,Delfina Guzmán
tt0062336,Alonso Venegas
tt0062336,Sergio Hernández
tt0062336,Chamila Rodríguez
tt0062336,Néstor Cantillana
tt0383477,Melanie Abdoun
tt0383477,Dionne Alexander
tt0383477,Jay Amari
tt0383477,Mark Balet
tt0383477,Gloria Barnes
tt0383477,April Barton
tt0383477,Christopher Batyr
tt0383477,Hod Berman
tt0383477,William Christian
tt0383477,Drena De Niro
tt0446792,Abbi Lake O'Neill
tt0446792,Jay Huguley
tt0446792,Robert Walden
tt0446792,Ken Kercheval
tt0446792,Diana Cignoni
tt0446792,Valarie Pettiford
tt0446792,Ezra Cruz
tt0446792,Roshawn Franklin
tt0446792,Jacques Landry
tt0446792,Connie Roberson
tt0849437,Cary-Hiroyuki Tagawa
tt0849437,Quinton 'Rampage' Jackson
tt0849437,Hector Echavarria
tt0849437,Isaac C. Singleton Jr.
tt0849437,Eric Laciste
tt0849437,Garret Sato
tt0849437,Kylee Lehe
tt0849437,Rigan Machado
tt0849437,Sam Sarpong
tt0849437,Nicole Sherwin
tt0920462,Alexandra Daddario
tt0920462,Takehiro Hira
tt0920462,Carice van Houten
tt0920462,Andrew Rothney
tt0920462,Misuzu Kanno
tt0920462,Yasunari Takeshima
tt0920462,Kate Easton
tt0920462,Haruka Imô
tt0920462,Yu Mizuhara
tt0920462,Mariko Tsutsui
tt0805647,Anne Hathaway
tt0805647,Octavia Spencer
tt0805647,Stanley Tucci
tt0805647,Chris Rock
tt0805647,Jahzir Bruno
tt0805647,Brian Bovell
tt0805647,Joseph Zinyemba
tt0805647,Josette Simon
tt0805647,Jonathan Livingstone
tt0805647,Miranda Sarfo Peprah
tt10004368,Zofia Stafiej
tt10004368,Kinga Preis
tt10004368,Arkadiusz Jakubik
tt10004368,Dawid Tulej
tt10004368,Nigel O'Neill
tt10004368,Shane Casey
tt10004368,David Pearse
tt10004368,Donncha Crowley
tt10004368,Cosmina Stratan
tt10004368,Zofia Przygonska
tt0926132,Sean Gray
tt0926132,Chris Blasman
tt0926132,Renee Dorian
tt0926132,Michael Buffo
tt0926132,Amanda Wing
tt0926132,Matt Lasky
tt0926132,Mike Saad
tt0926132,Buddy Daniels Friedman
tt0926132,Holt Boggs
tt0926132,Matthew Prater
tt0983946,Michael Peña
tt0983946,Maggie Q
tt0983946,Lucy Hale
tt0983946,Austin Stowell
tt0983946,Jimmy O. Yang
tt0983946,Portia Doubleday
tt0983946,Ryan Hansen
tt0983946,Michael Rooker
tt0983946,Parisa Fitz-Henley
tt0983946,Mike Vogel
tt10011228,Lucie Debay
tt10011228,Arieh Worthalter
tt10011228,Ciaran O'Brien
tt10011228,Ryan Brodie
tt10011228,Simone Milsdochter
tt10011228,Mikael Sladden
tt10011228,Bruce Ellison
tt10011228,Gilles Vandeweerd
tt10011228,Leila Putcuips
tt10011228,Clélia Zanini
tt10006160,Penelope Tsilika
tt10006160,Dimitris Lalos
tt10006160,Michele Valley
tt10006160,Tasos Rafailidis
tt10006160,Oguzhan Kaya
tt10006160,Gokhan Kaya
tt10006160,Maria Aliferi
tt10006160,Adrian Frieling
tt10006160,Martin Benge
tt10006160,Nikos Pantelidis
tt0093119,George Clooney
tt0093119,Laura Dern
tt0093119,Charlie Sheen
tt0093119,Louise Fletcher
tt0093119,John Rhys-Davies
tt0093119,Steve Inwood
tt0093119,Dick Anthony Williams
tt0093119,Deborah Raffin
tt0093119,Edward Meeks
tt0093119,Deborah Foreman
tt10003994,Emma MacKenzie
tt10003994,Patrick Bracken
tt10003994,Kip Weeks
tt10003994,Aurora Grabill
tt10003994,Skip Shea
tt10003994,Nicole Watson
tt10003994,Rick Johnston
tt10003994,Barbara Magnolfi
tt10003994,Maria Mogavero
tt10003994,Vincent Hemmeter
tt10003008,Dan Stevens
tt10003008,Alison Brie
tt10003008,Sheila Vand
tt10003008,Jeremy Allen White
tt10003008,Toby Huss
tt10003008,Connie Wellman
tt10003008,Chunk
tt10003008,Anthony Molinari
tt10003008,Amity Bacon
tt10003008,Chase Barker
tt10004108,Sophie Stevens
tt10004108,Ludovic Hughes
tt10004108,Barbara Crampton
tt10004108,Lukas Loughran
tt10004108,Johanna Adde-Dahl
tt10004108,Jack Kristiansen
tt10004108,Erik Lundin
tt10004108,Dag Soerlie
tt10004108,Ingeborg Mork Håskjold
tt10004108,Edwin Roseth-Oye
tt10023172,Laetitia Dosch
tt10023172,Sergei Polunin
tt10023172,Lou-Teymour Thion
tt10023172,Caroline Ducey
tt10023172,Grégoire Colin
tt10023172,Slimane Dazi
tt10023172,Vincent Courcelle-Labrousse
tt10023172,Dounia Sichov
tt10023172,Arthur Vercken
tt10023172,Graziella Fiesoli
tt0228802,Katsuma Miyagi
tt0228802,Tomi Taira
tt0228802,Misako Ôshiro
tt0326716,John Francis Daley
tt0326716,Austin Pendleton
tt0326716,Kevin Rosendo
tt0326716,Colleen Camp
tt0326716,Neil Flynn
tt0326716,Steve Coulter
tt0326716,Emmi Chen
tt0326716,Katie Jeep
tt0326716,Justin Mentell
tt0326716,Gwen Kmiec
tt0346172,Amitabh Bachchan
tt0346172,Arshad Warsi
tt0346172,Karisma Kapoor
tt0346172,Anupam Kher
tt0346172,Shivaji Satam
tt0346172,Sharat Saxena
tt0346172,Fatima Sana Shaikh
tt0346172,Prakash Raj
tt0346172,Satya Prakash
tt0346172,Ayub Khan
tt0818543,Gael García Bernal
tt0818543,Kiersey Clemons
tt0840306,Jonathan Sachar
tt0840306,Irene Bedard
tt0840306,Rider Strong
tt0840306,Michael Madsen
tt0840306,Taboo
tt0840306,Ricardo Chavira
tt0840306,Wes Studi
tt0840306,Seymour Cassel
tt0840306,Kevin Gage
tt0840306,Lindsay Price
tt0995854,Michael B. Jordan
tt0995854,Chanté Adams
tt0995854,Jalon Christian
tt0995854,Robert Wisdom
tt0995854,Tamara Tunie
tt0995854,Jasmine Batchelor
tt0995854,Marchánt Davis
tt0995854,Susan Pourfar
tt0995854,Vanessa Aspillaga
tt0995854,Grey Henson
tt10003618,Dubravka Kovjanic
tt10003618,Stefan Trifunovic
tt10003618,Katarina Dimic
tt10003618,Anja Djordjevic
tt10003618,Olga Odanovic
tt10003618,Konstantin Ilin
tt10003618,Milica Grujicic
tt10003618,Slaven Doslo
tt10003618,Nikola Rakocevic
tt10003618,Nada Sargin
tt10011002,Paul Agusta
tt10011002,Farell Akbar
tt10011002,Tubagus Ali
tt10011002,Arzendra Arzendra
tt10011002,Putri Ayudya
tt10011002,Bisma Bisma
tt10011002,Bernadette Bonita
tt10011002,Dan Daniel
tt10011002,Salvita Decorte
tt10011002,Egy Fedly
tt0870154,Dwayne Johnson
tt0870154,Emily Blunt
tt0870154,Edgar Ramírez
tt0870154,Jack Whitehall
tt0870154,Jesse Plemons
tt0870154,Paul Giamatti
tt0870154,Veronica Falcón
tt0870154,Dani Rovira
tt0870154,Quim Gutiérrez
tt0870154,Dan Dargan Carter
tt10010852,Michael Wawrzynek
tt10010852,Jessica O'Hara-Baker
tt10010852,Juliet Biscotti
tt10010852,Beverly Brennan
tt10010852,Karl Kleist
tt10010852,Rob Klubeck
tt10010852,Morgan Monaghan
tt10010852,Alicia Nordstrom
tt10010852,Connie Shelhamer
tt10010852,Anne Steele
tt10010874,Bill Welch
tt0293429,Lewis Tan
tt0293429,Jessica McNamee
tt0293429,Josh Lawson
tt0293429,Joe Taslim
tt0293429,Mehcad Brooks
tt0293429,Matilda Kimber
tt0293429,Laura Brent
tt0293429,Tadanobu Asano
tt0293429,Hiroyuki Sanada
tt0293429,Chin Han
tt0499097,Michael B. Jordan
tt0499097,Jodie Turner-Smith
tt0499097,Jamie Bell
tt0499097,Guy Pearce
tt0499097,Lauren London
tt0499097,Jacob Scipio
tt0499097,Todd Lasance
tt0499097,Jack Kesy
tt0499097,Lucy Russell
tt0499097,Cam Gigandet
tt0993840,Dave Bautista
tt0993840,Ella Purnell
tt0993840,Ana de la Reguera
tt0993840,Omari Hardwick
tt0993840,Theo Rossi
tt0993840,Matthias Schweighöfer
tt0993840,Nora Arnezeder
tt0993840,Hiroyuki Sanada
tt0993840,Garret Dillahunt
tt0993840,Tig Notaro
tt10005622,Davy Williams
tt10005622,Sean Eden Yi
tt10005622,Jeff McDonald
tt10005622,Daniela Brown
tt10005622,June Lee
tt10005622,Rezzan Denizmen
tt10005622,Jeanine Harrington
tt10005622,Crystal J. Huang
tt10005622,Jerimiyah Dunbar
tt10005622,Sophia Jiang
tt10044610,David B. Meadows
tt10044610,Jack Kennedy
tt10044610,Rebecca Lambrusco
tt10044610,Shannon Prior
tt10050150,Arun Vijay
tt10050150,Vamsi Krishna
tt10050150,Karthika Nair
tt10050150,Suruli
tt10047958,Eddie Griffin
tt10047958,Robert Amico
tt10047958,Zang Angelfire
tt10047958,Don Baldaramos
tt10047958,Katarina Bucevac
tt10047958,Becca Buckalew
tt10047958,Charles Christopher
tt10047958,Kevin Indio Copeland
tt10047958,Stormy Daniels
tt10047958,John Demakas
tt10055546,Jake Short
tt10055546,Miles J. Harvey
tt10055546,Damon Wayans Jr.
tt10055546,Madison Davenport
tt10055546,Iliza Shlesinger
tt10055546,Peter Moses
tt10055546,Odessa A'zion
tt10055546,Jonathan Kite
tt10055546,Kira Kosarin
tt10055546,Will Meyers
tt10075380,Chris Boike
tt10075380,Olivia Seaton-Hill
tt10075380,Joseph S. Lambert
tt10075380,Paul 'Maxx' Rinehart
tt10075380,Nichalia Schwartz
tt10075380,Jonathan Price
tt10075380,Kieran Katarey
tt10075380,Manuel Zaldivar
tt10075380,Butch McCain
tt10075380,Li Xin
tt10022716,Josefina Boneo
tt10022716,Mark Cabus
tt10022716,Jeremy Childs
tt10022716,Santiago Cirilo
tt10022716,Bob Daniel
tt10022716,Rodger D. Eldridge
tt10022716,Mykie Fisher
tt10022716,Reegus Flenory
tt10022716,Kerry Graul
tt10022716,Katie Groshong
tt10033964,Sarah French
tt10033964,Jennifer Nangle
tt10033964,Thomas Haley
tt10033964,Richard Grieco
tt10033964,Konstantin Lavysh
tt10033964,Hunter Johnson
tt10033964,Kevin Caliber
tt10033964,Charles Chudabala
tt10033964,James Duval
tt10033964,Tyler Gallant
tt10037014,Katherine Heigl
tt10037014,Harry Connick Jr.
tt10037014,Madison Iseman
tt10037014,Israel Broussard
tt10037014,Eugenie Bondurant
tt10037014,Julia Vasi
tt10037014,Enuka Okuma
tt10037014,Hudson Rodgers
tt10037014,Lyla Restaino
tt10037014,Ashley Abrams
tt10040978,Mithun Chakraborty
tt10040978,Makrand Deshpande
tt10040978,Dalip Tahil
tt10040978,Ashish Vidyarthi
tt10040978,Flora Saini
tt10040978,Manav Kaul
tt10040978,Krishna Gautam
tt10040978,Ali Asgar
tt10040978,Sharad Bhutadiya
tt10040978,Archak Chhabra
tt10078904,Brinke Stevens
tt10078904,Vida Ghaffari
tt10078904,Dawna Lee Heising
tt10078904,Maria Olsen
tt10078904,Mel Novak
tt10078904,Thom Michael Mulligan
tt10078904,Sheri Davis
tt10078904,Shawn C. Phillips
tt10078904,Julie Anne Prescott
tt10078904,Raymond Vinsik Williams
tt10080926,Arthur Chermont
tt10080926,Ivan Nóbrega
tt10080926,Paola Rodrigues
tt10080926,Jacidio Leão
tt10080926,Diego Lucena
tt10080926,Thais Tresoldi
tt10080926,Carol Caliri
tt10080926,Arthur Jorge
tt10080926,Rita Tragtenberg
tt10080926,Jefferson Machado
tt10016180,Denzel Washington
tt10016180,Rami Malek
tt10016180,Jared Leto
tt10016180,Chris Bauer
tt10016180,Michael Hyatt
tt10016180,Terry Kinney
tt10016180,Natalie Morales
tt10016180,Isabel Arraiza
tt10016180,Joris Jarsky
tt10016180,Glenn Morshower
tt10096842,Ilana Glazer
tt10096842,Justin Theroux
tt10096842,Gretchen Mol
tt10096842,Sabina Gadecki
tt10096842,Pierce Brosnan
tt10096842,Josh Hamilton
tt10096842,Nils Lawton
tt10096842,Sullivan Jones
tt10096842,James Cusati-Moyer
tt10096842,Lucy Walters
tt10097384,Aaron Kwok
tt10097384,Yihong Duan
tt10097384,Zifeng Zhang
tt10097384,Wei-Ning Hsu
tt10097384,Zishan Rong
tt10097384,Shengdi Wang
tt10097384,Se-ah Jang
tt10097384,Yulai Lü
tt10097384,Bojia Zhang
tt10115874,Kumud Pant
tt10115874,Karan Singh Duggall
tt10115874,Angad Singh Bhamra
tt10127464,Ibrahim Akoz
tt10127464,Mustafa Noyan Arat
tt10127464,Yasemin Szawlowski
tt10127464,Taro Emir Tekin
tt10127464,Simona Theoharova
tt10127464,Ali Süreyya Tuncer
tt10127464,Selçuk Yöntem
tt10127464,Elit Andaç Çam
tt10072662,Sergio Castellitto
tt10072662,Bérénice Bejo
tt10072662,Matilda De Angelis
tt10072662,Clementino
tt10072662,Sandra Milo
tt10072662,Alex Lutz
tt10072662,Marie-Philomène Nga
tt10072662,Nassim Lyes
tt10072662,Maxence Dinant
tt10072662,Bruno Gouery
tt10075650,Lorena Abella
tt10075650,Núria Albesa
tt10075650,José Luis Rodríguez Aneas
tt10075650,Pablo Antonaya
tt10075650,Abel Ardions
tt10075650,Eneida Balada
tt10075650,Guillermo Bartle
tt10075650,Josep Borras
tt10075650,Alberto Cabello
tt10075650,Noelia Cabello
tt10083868,Tamannaah Bhatia
tt10083868,Nawazuddin Siddiqui
tt10083868,Rajpal Naurang Yadav
tt10083868,Aditya Srivastav
tt10083868,Kabir Duhan Singh
tt10083868,Shubham Daulani
tt10083868,Ruchira Ghormare
tt10083868,Mohsin Ali Khan
tt10083868,Shikhar Srivastava
tt10084832,Leo Woodall
tt10084832,Jordi Webber
tt10084832,Abbey Hoes
tt10084832,Sana'a Shaik
tt10084832,Shane Emmett
tt10084832,Daniele Clements
tt10084832,Wassim Hawat
tt10084832,Clayton D. Moss
tt10084832,Stephen Anderton
tt10084832,Ivan Sinitsin
tt10149976,Julius Cho
tt10149976,Erin Eldershaw
tt10149976,Thomas Jestin
tt10149976,Jonathan Kim
tt10149976,Jahte Le
tt10149976,Wilex Ly
tt10149976,Kate McArthur
tt10149976,Connie Wang
tt10149976,Andy Yu
tt10149976,Amanda Zhou
tt10155932,Camila Cabello
tt10155932,Billy Porter
tt10155932,Nicholas Galitzine
tt10155932,Idina Menzel
tt10155932,Pierce Brosnan
tt10155932,Minnie Driver
tt10155932,Tallulah Greive
tt10155932,Maddie Baillio
tt10155932,Charlotte Spencer
tt10155932,James Corden
tt10028196,Sharik Khan Jr.
tt10028196,Aamir Khan
tt10028196,Ahmad Ibn Umar
tt10028196,Kareena Kapoor
tt10028196,Hafsa Ashraf
tt10028196,Mona Singh
tt10028196,Naga Chaitanya Akkineni
tt10028196,Manav Vij
tt10028196,Aaryaa Sharma
tt10028196,Arun Bali
tt10047904,Darren Pettie
tt10047904,Danica Curcic
tt10047904,Slavko Stimac
tt10047904,Flavio Parenti
tt10047904,Nikola Rakocevic
tt10047904,Slavisa Curovic
tt10047904,Nikola-Kole Angelovski
tt10047904,Nikola Kent
tt10047904,Sladjana Bukejlovic
tt10047904,Ivan Zerbinati
tt10049720,Kevin Porter
tt10049720,Joey Ruggiero
tt10049720,Morgan Witkop
tt10049720,Steve Filice
tt10049720,Michael Joseph Nelson
tt10049720,Kristine Stokes
tt10049720,Joe Barra
tt10049720,Annalicia Aguilar
tt10049720,Jeremiah Crothers
tt10049720,Alexandra Billings
tt10029484,Lou Martini Jr.
tt10029484,Tony Devon
tt10029484,Ronnie Marmo
tt10029484,Mike Marino
tt10029484,Janelle Gaeta
tt10029484,Kyle Merker
tt10029484,Toni D'Antonio
tt10029484,Marla Freeman
tt10029484,Susan Moses
tt10029484,Ernest Mingione
tt10035194,Billy Chaser
tt10035194,Jay Hatfield
tt10035194,Eric Perez
tt10035194,Richard Garza
tt10035194,Dave Thomas
tt10035194,Grindhead Jim Deabenderfer
tt10035194,Roy O'Neil
tt10035194,David Eaton
tt10035194,Lance De Los Santos
tt10035194,Henry C.A. Beck
tt10047464,Christian Potenza
tt10047464,Nicolas Grimes
tt10047464,Matia Jackett
tt10047464,Samantha Espie
tt10047464,Jordan Kronis
tt10047464,Alexander Nunez
tt10047464,Eman Ayaz
tt10047464,Chris Handfield
tt10047464,Zion Forrest Lee
tt10047464,Brad Austin
tt10160886,Chosen Jacobs
tt10160886,Lexi Underwood
tt10160886,Devyn Nekoda
tt10160886,Bryan Terrell Clark
tt10160886,Kolton Stewart
tt10160886,Robyn Alomar
tt10160886,Yvonne Senat Jones
tt10160886,Juan Chioran
tt10160886,John Salley
tt10160886,Ronica Sajnani
tt10193142,Art Hall
tt10193142,Rosie Koocher
tt10193142,Nicola Graham
tt10193142,Robb Padgett
tt10193142,David Shofner
tt10193142,Sara J. Stuckey
tt10193142,Bryan Bertone
tt10193142,Tanya Ihnen
tt10193142,Christopher Blaauw
tt10193142,Sarah Nicklin
tt10090058,Rizky Nazar
tt10090058,Yasmin Napper
tt10090058,Omar Daniel
tt10090058,Ali Fikry
tt10090058,Edward Akbar
tt10090058,Sigi Wimala
tt10090058,Yatti Surachman
tt10090058,Yayan Ruhian
tt10090058,Cecep Arif Rahman
tt10090058,Jerome Kurnia
tt1016150,Felix Kammerer
tt1016150,Albrecht Schuch
tt1016150,Aaron Hilmer
tt1016150,Moritz Klaus
tt1016150,Adrian Grünewald
tt1016150,Edin Hasanovic
tt1016150,Daniel Brühl
tt1016150,Thibault de Montalembert
tt1016150,Devid Striesow
tt1016150,Andreas Döhler
tt10198564,Vinnie Jones
tt10198564,Philip Granger
tt10198564,Lina Lecompte
tt10198564,Glenn Ennis
tt10198564,Lori Triolo
tt10198564,James Clayton
tt10198564,Shaw Madson
tt10198564,Michael Mitton
tt10198564,Danny Mac
tt10198564,Blaine Anderson
tt10298840,Jake Gyllenhaal
tt10298840,Jaboukie Young-White
tt10298840,Gabrielle Union
tt10298840,Dennis Quaid
tt10298840,Lucy Liu
tt10298840,Karan Soni
tt10298840,Alan Tudyk
tt10298840,Adelina Anthony
tt10298840,Abraham Benrubi
tt10298840,Jonathan Melo
tt10308878,Andy Garcia
tt10308878,Emory Cohen
tt10308878,Megan Fox
tt10308878,Lucy Hale
tt10308878,Frederick Schmidt
tt10308878,Leonidas Castrounis
tt10308878,Shiloh Fernandez
tt10308878,Oscar Isaac
tt10308878,Sergio Rizzuto
tt10308878,Michael Benjamin Hernandez
tt10315050,Wade Briggs
tt10315050,Stuart Martin
tt10315050,Frida Gustavsson
tt10315050,Sebastian Croft
tt10315050,David Morrissey
tt10315050,Radu Andrei Micu
tt10315050,Ionut Grama
tt10315050,Luke Roberts
tt10315050,Florin Fratila
tt10315050,Madalina Bellariu Ion
tt10427178,Dan Garza
tt10427178,Misty Yates
tt10427178,Jonathan Rodriguez
tt10427178,Ryan Meacham
tt10427178,Iris O'Donnell
tt0887261,Odessa A'zion
tt0887261,Jamie Clayton
tt0887261,Adam Faison
tt0887261,Drew Starkey
tt0887261,Brandon Flynn
tt0887261,Aoife Hinds
tt0887261,Jason Liles
tt0887261,Yinka Olorunnife
tt0887261,Selina Lo
tt0887261,Zachary Hing
tt10013588,Ivan Blindar
tt10013588,Yuriy Dyachenko
tt10013588,Lyudmila Efimenko
tt10013588,Marysia Nikitiuk
tt10013588,Oleg Primogenov
tt10013588,Mykola Veresen
tt10013588,Mikhail Zhonin
tt10141678,Mark Healy
tt10141678,Marlee Wilson
tt10141678,Liam Clarke
tt10141678,Thibul Nettle
tt10141678,Kira Wilson
tt10141678,Shabana Azeez
tt10141678,Nick Buckland
tt10141678,Natasha Wanganeen
tt10141678,Kaisha Nowland
tt10141678,Stella Badenoch
tt10228976,Lynn Lowry
tt10228976,Helene Udy
tt10228976,Julie Anne Prescott
tt10228976,Mike Ferguson
tt10228976,Maria Olsen
tt10228976,Jonathan Tiersten
tt10228976,Timothy Patrick Quill
tt10228976,Greg Lutz
tt10228976,Mel Novak
tt10228976,Donna Hamblin
tt10231726,Elyse Levesque
tt10231726,Veronica Ferres
tt10231726,Gina Stiebitz
tt10231726,Vladimir Burlakov
tt10231726,Wei-Ning Hsu
tt10231726,Yu-Ning Tsao
tt10231726,Yulai Lü
tt10231726,Ludger Bökelmann
tt10231726,Valerie Huber
tt10231726,Franziska Brandmeier
tt10304142,Christian Bale
tt10304142,Margot Robbie
tt10304142,John David Washington
tt10304142,Alessandro Nivola
tt10304142,Andrea Riseborough
tt10304142,Anya Taylor-Joy
tt10304142,Chris Rock
tt10304142,Matthias Schoenaerts
tt10304142,Michael Shannon
tt10304142,Mike Myers
tt10489128,Morad Azzaaoui
tt10489128,Raquel Montes
tt10489128,Vjekoslav Katusin
tt10489128,Costas Mandylor
tt10489128,Alessio Medas
tt10489128,Hubertus Geller
tt10489128,Pat Wind
tt10489128,Antonio Scarpa
tt10489128,Ramona Gante
tt10489128,Marijana Zelic
tt10564870,Aanchal Chauhan
tt10564870,Priyanka Chauhan
tt10564870,Jignesh Joshi
tt10564870,Alok Mani Mishra
tt10564870,Parth Sharma
tt10564870,Urvashi Shukla
tt10564870,Girish Thapar
tt11253182,Siir Tilif
tt11253182,Søren Hauch-Fausbøll
tt11253182,Joachim Knop
tt11253182,Marie-Louise Coninck
tt11253182,Julie Wieth
tt11253182,Mikkel Vadsholt
tt11253182,Ebbe Engmark
tt11253182,Mona De Souza
tt11253182,Anders Skibsted
tt11253182,Christian Friis
tt11306970,Sanjay Mengar
tt11306970,Shane Kirk
tt11306970,Kendehl Heinze
tt11306970,Nick Lamb
tt11306970,Trent Silcock
tt11306970,Austin Miller
tt11306970,Tina Schoenau
tt11306970,Mikaylah Miller
tt11306970,Kyla Booth
tt10461964,Rich Sands
tt10461964,Irina Kern
tt11218958,Kyle Helsper
tt11226102,Natasha Thompson
tt11226102,Kyle Helsper
tt11274492,Adam Devine
tt11274492,Pierce Brosnan
tt11274492,Ellen Barkin
tt11274492,Nina Dobrev
tt11274492,Michael Rooker
tt11274492,Poorna Jagannathan
tt11274492,Richard Kind
tt11274492,Julie Hagerty
tt11274492,Blake Anderson
tt11274492,Lauren Lapkus
tt10579986,Byom
tt10597228,Aaron Jackson
tt10597228,Rose LaRue
tt10597228,Becky Brown
tt10597228,Cassidy Reyes
tt10597228,Deborah Smith Ford
tt10597228,Jason Menz
tt10597228,Mercedes Gutierrez
tt10597228,Christian Richardson
tt10597228,Colleen Winfough
tt10597228,Kristin Mercedes Bence
tt10408218,Jada Krueger
tt10408218,A.J. Laird
tt10408218,Catalina Ariel
tt10408218,Brynn Beveridge
tt10408218,Kevin Baker
tt10408218,Julia Osika
tt10408218,Brian Naydol
tt10408218,Egzon Sulejmani
tt10408218,Caleb Kurowski
tt10408218,Samuel O. Martin
tt11152168,Cailey Fleming
tt11152168,Ryan Reynolds
tt11152168,John Krasinski
tt11152168,Phoebe Waller-Bridge
tt11152168,Fiona Shaw
tt11152168,Steve Carell
tt11152168,Louis Gossett Jr.
tt11152168,Alan Kim
tt11152168,Liza Colón-Zayas
tt11152168,Bobby Moynihan
tt10225380,Bruno Giacobbe
tt10225380,Juanjo Martínez
tt10225380,Denise Depauli
tt10225380,Irina Collaso
tt10225380,Damian Gomez
tt10225380,Agustina Insausti
tt10225380,Mara Di Tullio
tt10225380,Laura Quiroga
tt10225380,Viviana Martinez
tt10225380,Haydee Codon
tt10844184,Emily Rose Hernandez
tt10844184,"Matthew Clark ""Ghost"""
tt10844184,Craig Edwards
tt10844184,Tesha Clark
tt10844184,Paul Edward Davies
tt10844184,Rich Brodie
tt10928904,Dylan Playfair
tt10928904,Hector David Jr.
tt10928904,Emily Rose Hernandez
tt10928904,Raven Armando Astone
tt10928904,David Siracusa
tt10928904,Nate Bynum
tt10928904,Leila Annastasia Scott
tt10928904,Aaron Cohen
tt10928904,John Ozuna
tt10928904,Bronsonn Taylor
tt11078340,Redd Nicholson
tt11078340,Luna Wolf
tt11078340,Carly Halse
tt11078340,Paris Rivers
tt11078340,Lewis Cooper
tt11078340,Cy Henty
tt11078340,Richard Fysh
tt11078340,Grant Kempster
tt11078340,Pauline Peart
tt11078340,Matthew Baunsgard
tt11374514,David Anghel
tt11374514,Pauli Janhunen Calderón
tt11374514,Okan Akdag
tt11374514,Kevin Jimenez Bernal
tt11374514,Aina Schubert
tt11374514,Rebecka Andersson
tt11374514,Daniel Abreu
tt11374514,Pel Lindberg
tt11374514,Navid Ghaffarpour
tt11374514,Emilio Janhunen Calderón
tt12794380,Tyeasha VanBuren
tt12794380,Zari Rice
tt12794380,Adara Leigh
tt12794380,Oceania Anderson
tt12794380,LaTesha Hines
tt12794380,Dontrell Ratliff
tt12794380,Morgan Brock
tt12794380,Ed O'Neil
tt12794380,Frank FaCheaux
tt12794380,TJ Frisby
tt13036100,Chronox
tt13036100,Liara Deia
tt13036100,Gwyneth Irene
tt13036100,Jenniefs
tt13036100,Davina Jereni
tt13036100,Leopoldo
tt13036100,Garry Naville
tt13036100,Asa Obed
tt13036100,Trouvaille
tt13576680,RAAHI
tt13576680,Hema Chaudhary
tt13576680,Pooja Kandare
tt13576680,Sanit Swami
tt13576680,Aditi Lakhpati
tt13576680,Tina Rao
tt13576680,Samar Chourey
tt13576680,Pooja Ahirwar
tt13576680,Nargis Sheikh
tt13576680,Yash Soni
tt10707852,Dave Bannister
tt10707852,Mark Wilkinson
tt10707852,Wayne Christie
tt10707852,Chris Cutler
tt10707852,Damien Lanceley
tt10707852,Josie Harrison
tt10707852,Andrew Bell
tt10707852,Val Monk
tt10707852,Gary D Lamont
tt10707852,David Duke
