id_pelicula,nombre_pelicula,puntuacion,direccion,guionista,argumento
tt0143558,Apaföld,5.2,Viktor Oszkar Nagy,Viktor Oszkar Nagy,
tt0153140,Rózsaszín sajt,5.9,Barnabás Tóth,"Frank Rizzo, Barnabás Tóth, Dániel Hamvas","To escape the oppressive hyperactivity of his gynecologist father, Dani, 19-year-old student at the Medical University of Budapest, travels to France to his musician uncle. A vision of adolescence and father-son-women relationship filled with humour and human touches. This movie is spoken in Hungarian and French and subtitled in English."
tt0205380,Sanam Teri Kasam,4.2,Lawrence D'Souza,Talat Rekhi,"Se forma un triángulo amoroso cuando un hombre descubre que su mejor amigo se ha casado con su ex prometida, desatando un enredo de amor, traición y emociones encontradas."
tt0254832,Twice as Dead,7.6,Terence H. Winkless,"Terence H. Winkless, Raly Radouloff",Jack and Jill rob a bank and end up on the road with their contact and a sexy vixen on the run from the law.
tt0311698,Railed,7.7,Ryan Fox,Ryan Fox,"""Railed"" blurs the line between reality and fiction, taking place on a cross-country train trip from Los Angeles to New York. Passengers, unaware, become the stars and plot of the film."
tt0327597,Los mundos de Coraline,7.8,Henry Selick,"Neil Gaiman, Henry Selick","Una aventurera niña de 11 años encuentra otro mundo que es una versión extrañamente idealizada de su frustrante hogar, pero que tiene siniestros secretos."
tt0344074,Mitsein,7.8,Aparna Malladi,Aparna Malladi,Moksha sees a painting of her in an art gallery and goes on a surreal journey looking for the artist who created her.
tt0346631,Promesa sangrienta,6.7,Ben Ramsey,Michael Andrews,"En Los Ángeles, un ex convicto toma por asalto el mundo clandestino de la lucha en su búsqueda por cumplir una promesa a un amigo muerto."
tt0361748,Malditos bastardos,8.4,Quentin Tarantino,Quentin Tarantino,"En la Francia ocupada por los nazis durante la Segunda Guerra Mundial, un plan para asesinar a los líderes nazis por parte de un grupo de soldados judíos estadounidenses coincide con los planes vengativos de la dueña de un cine."
tt0362478,The box,5.6,Richard Kelly,"Richard Matheson, Richard Kelly","Una pequeña caja de madera llega a la puerta de un matrimonio que sabe que si la abren ganarán un millón de dólares, y una persona a la que desconocen morirá."
tt0288190,El reino de los cielos,6.0,Alejandro Basile,N/A,
tt0304876,Unter Strom,5.4,Zoltan Paul,"Zoltan Paul, Uli Brée","A comedy about relationships. A just-divorced couple, the wife's lover; a convicted criminal, his pregnant wife and his best friend; the economy minister and his secret lover; all parties are under stress in a hostage situation and surrounded by uncoordinated police troops."
tt0312958,Chinango,5.3,Peter Van Lengen,"Peter Van Lengen, Talina Tinoco","Tras encontrar la medalla Shaolin de su abuelo, Braulio se ve envuelto con gángsters mexicanos que perturban su paz. Manejará este lío a la antigua usanza - pero su mayor rival es la más mortífera belleza de kung fu de China."
tt0353765,Los muertos van deprisa,5.8,Ángel de la Cruz,Ángel de la Cruz,
tt0365873,Two-Minute Heist,5.1,"Kris Arnold, Dan De Luca",N/A,"Slacker Dino Rado, and his uptight partner, Steven Scheere made a bad investment. They borrowed money to fund a ""B"" movie that flopped big time and now the Jamaican Mob wants it's money back. As a last resort they steal and idea from a screenplay to cast unsuspecting actors to pull off a real heist. Their plan is flawless, until they put it into action. Dino and Steve... Leer todo"
tt0375568,Astro Boy,6.2,David Bowers,N/A,"Cuando un androide réplica de un niño es rechazado por su afligido creador, sale a buscar su propia identidad en una aventura que lo convertirá en el mayor héroe de su tiempo."
tt0365929,Terror en la Antártida,5.5,Dominic Sena,N/A,"En Antártica, el sol está a punto de ponerse para los próximos seis meses y la marshal Carrie Stetko da caza a un asesino."
tt0373340,Sterling: The Secret of the Lost Medallion,5.9,Clayton Miller,"Bradley Day, Clayton Miller","While at camp, Alex Sterling and his friends have stumbled upon an old journal left behind by his deceased grandfather where they learn of the existence of a legendary medallion believed to have originally belonged to the Biblical King Solomon. Many adventures follow as they uncover clues leading to the final resting place of the medallion."
tt0409459,Watchmen,7.6,Zack Snyder,"David Hayter, Alex Tse, Dave Gibbons","En 1985, donde existen antiguos superhéroes, el asesinato de un colega envía al activo vigilante Rorschach a su propia investigación, descubriendo algo que podría cambiar completamente el curso de la historia tal y como la conocemos."
tt0417741,Harry Potter y el misterio del príncipe,7.6,David Yates,"J.K. Rowling, Steve Kloves","Cuando Harry Potter empieza su sexto año en Hogwarts, descubre un viejo libro marcado como propiedad del príncipe mestizo y comienza a aprender más sobre el oscuro pasado de Lord Voldemort."
tt0421237,Royal Kill,2.9,Bob Ahmed,Bob Ahmed,"Mujer asesina recibe el encargo de matar al heredero himalayo en EE.UU. Un guardia real es enviado para salvaguardarlo. Cuando se conocen, ambos deben decidir entre el deber y algo más profundo que está surgiendo entre ellos."
tt0293354,The Magic Stone,6.4,Jowita Gondek,"Jowita Gondek, Bozenna 'Bo' Intrator",
tt0374853,Malice in Wonderland,5.8,Simon Fellows,Jayson Rothwell,"A modern take on the classic fairytale, Alice in Wonderland, set in the North East of England."
tt0380510,The Lovely Bones,6.6,Peter Jackson,N/A,En torno a una niña que ha sido asesinada y cuida de su familia - al tiempo que observa a su asesino - des del purgatorio. Tendrá que encontrar el equilibrio entre su deseo de venganza y su deseo de reconfortar a su familia.
tt0386117,Donde viven los monstruos,6.7,Spike Jonze,"Spike Jonze, Maurice Sendak, Dave Eggers","Una adaptación de la historia infantil clásica de Maurice Sendak, en la que Max, un niño pequeño y desobediente es enviado a la cama sin su cena, crea su propio mundo--un bosque habitado por feroces criaturas salvajes quienes coronan Max como su gobernante.Reseña anónima (Traducida por IMDb.es)"
tt0289146,T.M.A.,4.7,Juraj Herz,"Juraj Herz, Martin Nemec",A man leaves his busy city life for the peace of the country home where he spent his early childhood. His new life is soon disturbed by strange events.
tt0353665,El libro de piedra,4.1,Julio Cesar Estrada,N/A,"Julieta is a young child psychologist hired by millionaire Eugenio Ruvalcaba, to work with his only daughter, Sylvia, who has severe emotional problems, while staying in their isolated island mansion. Once there, she finds out there's much more to Sylvia's imaginary friend than what everybody knows... and the results can be horrifying..."
tt0368563,Posesión,5.4,"Joel Bergvall, Simon Sandquist",N/A,"Jess tiene la desgracia de ver cómo su marido y el hermano de éste caen en coma tras un accidente de coche. Cuando su cuñado despierta, le dice a ella que él es realmente su marido. Ella deberá entender qué es lo que realmente sucede."
tt0425141,It Came from Trafalgar,7.0,Solomon Mortamur,Solomon Mortamur,
tt0431670,Cabeza de pescado,7.6,July Massaccesi,"Fernando Barrientos, Edgardo Sosa",
tt0433362,Daybreakers,6.4,"Peter Spierig, Michael Spierig","Peter Spierig, Michael Spierig","En 2019, una plaga ha convertido a casi todos en vampiros. Dado el poco suministro de sangre, la raza dominante planea su supervivencia; mientras, un investigador trabaja con un grupo de vampiros encubiertos para salvar a la humanidad."
tt0436154,Cabras,N/A,Fredy Polania,Fredy Polania,"Twenty bands unite from around the world for one film. Twenty months of filming, struggles and peace. Twenty visions one director."
tt0450336,La masacre de Town Creek,5.3,Joel Schumacher,David Kajganich,Un hombre y su hermano en una misión de venganza quedan atrapados en un terrible experimento sobrenatural que data del Tercer Reich.
tt0121569,Moonlight Blade,N/A,Arthur J. Mangano,Arthur J. Mangano,A New York newspaperman tracks clues to his missing sister in a small unfriendly hillbilly town.
tt0381940,Cargo,6.1,"Ralph Etter, Ivan Engler",N/A,"Dr. Laura P. takes a job on a cargo spaceship for 4 years plus 4 years back. She'll join her sister on Rhea. 44 months later, in Laura's shift, strange things happen in cargo. The crew is reanimated and the captain dies mysteriously."
tt0405022,House of Boys,6.5,Jean-Claude Schlim,N/A,"Dos jóvenes almas gemelas se encuentran mientras trabajan en un club para hombres. Eventualmente, uno contrae el SIDA."
tt0403702,Rebelión adolescente,6.4,Miguel Arteta,"C.D. Payne, Gustin Nash","Mientras sus horribles padres se tambalean al borde del divorcio, Nick Twisp pone su mirada en la chica de sus sueños Sheeni Saunders, con la esperanza de que ella sea la que le quite la virginidad."
tt0407852,Utolsó jelentés Annáról,6.6,Márta Mészáros,"Márta Mészáros, Éva Pataki","This film is the first one since the political changes in Hungary to deal with the topic of informants. It vividly depicts the atmosphere of Hungarian society in the seventies. The protagonist is Peter, a literary critic, is tasked by the secret police to persuade Social Democratic politician, Anna Kethly, who has been living in exile for decades, to return home. Keth... Leer todo"
tt0435716,The Perfect Sleep,4.4,Jeremy Alter,Anton Pardoe,"Against the backdrop of a noirish dreamscape, a tortured man returns to the city he swore he would never return to, in order to save the woman he has always loved yet can never have."
tt0437065,AmerAsian,6.7,Roger Lim,Roger Lim,"Eric, an American-born Asian college graduate, must steal a younger student's identity to take back the one last year of baseball eligibility that he lost when his dad passed away. Monica, his coach's All-American co-ed daughter, must ascertain her own questionable identity to come to terms with the years of abuse that she suffered after her mother passed away. Throug... Leer todo"
tt0437550,Why George?,8.1,David Sonkin,Shari Umansky,N/A
tt0438894,Kisse Pyaar Karoon?,3.5,Ajay Chandhok,"Yunus Sajawal, Shabbir Ahmed",Two men abduct a woman who wants to alienate them from their friend.
tt0448182,Yesterday Was a Lie,5.2,James Kerwin,James Kerwin,"Hoyle, a girl with a sharp mind and a weakness for bourbon, finds herself on the trail of a reclusive genius. But her work takes a series of unforeseen twists as events around her grow increasingly fragmented... disconnected... surreal. With an ethereal lounge singer and her loyal partner as her only allies, Hoyle is plunged into a dark world of intrigue and earth-sha... Leer todo"
tt0408060,1,6.0,Pater Sparrow,N/A,"A bookshop renowned for its rare works is mysteriously and completely filled with copies of a book entitled 1, which doesn't appear to have a publisher or author."
tt0146592,Pál Adrienn,6.7,Ágnes Kocsis,"Andrea Roberti, Ágnes Kocsis","Una enfermera obesa y solitaria, que trabaja en la sala de terminales de un hospital, se acuerda de su amiga de la infancia Adrienn Pal y quiere localizarla."
tt0154039,So Much for Justice!,4.6,Miklós Jancsó,Miklós Jancsó,Un noble humanista del siglo XV es nombrado Rey de Hungría e impulsa una era de prosperidad.
tt0162942,Los hijos del dragón verde,6.9,Bence Miklauzic,"Gábor Németh, Balázs Maruszki, Bence Miklauzic","Un agente inmobiliario establece vínculos con un guardia que vive en un almacén que le han encargado vender. El jefe del guardia quiere bloquear la venta, pero le hace promesas para hacer realidad las ambiciones futbolísticas del guardia."
tt0230212,The Final Journey,8.9,R.J. Adams,N/A,"Fotos de archivo y películas muestran las líneas de ferrocarril que conducían a los campos de concentración nazis de Dachau, Sachsenhausen y otros, contrastando el pasado y el presente de los lugares donde perecieron millones de personas."
tt0326965,Mientras duermo,5.5,Allen Wolf,Allen Wolf,A sleepwalking sexaholic masseur wakes up covered in blood next to a bloody knife with cops ringing his doorbell.
tt0331312,This Wretched Life,7.8,Frankie J. Mosca,N/A,"Awakening from a near fatal overdose, Chris embraces a second chance at life. Required to enroll into a 12-Step Program, and mandated to state psychiatrist appointments, Chris is forced to revisit his chaotic past; a history that revolves around his friend Ande and her autistic brother Frankie. Follow Chris as his past and present converge revealing a deranged cocktai... Leer todo"
tt0337882,Blind Sided,7.2,Douglas A. Raine,"Jimmy Lifton, Paulette Victor Lifton, Virginia Perfili",
tt0393049,Anderson's Cross,5.8,Jerome Elston Scott,Jerome Elston Scott,"Nick Anderson, Kevin Daniels, and Tracey Green do everything together. They are the best of friends, and yet they couldn't be more different. Neighbors from adolescence, they finish each other's thoughts and sentences, joys and pains, happiness and tears. Using Nick's house as their own members only clubhouse, they escape into their own world of contentment. Yet the i... Leer todo"
tt0398286,Enredados,7.7,"Byron Howard, Nathan Greno","Dan Fogelman, Wilhelm Grimm, Jacob Grimm","La joven Rapunzel, de pelo largo y mágico, ha pasado toda su vida en una torre, pero ahora que un ladrón fugitivo ha tropezado con ella, está a punto de descubrir el mundo por primera vez, y quién es en realidad."
tt0423474,Venus & Vegas,4.0,Demian Lichtenstein,Eddie Guerra,"Cuando tres amigos de Las Vegas intentan el golpe de su vida, tienen que caminar por una delgada línea entre sus novias que quieren sus cabezas, y los mafiosos que los quieren muertos."
tt0427152,La cena,5.9,Jay Roach,"David Guion, Michael Handelman, Francis Veber",Un grupo de personas se reúne periódicamente para cenar acompañados de la persona más idiota que conozcan.
tt0435761,Toy Story 3,8.3,Lee Unkrich,N/A,"Los juguetes terminan por error en una guardería en lugar del ático de Andy, justo antes que este se vaya a la universidad. Ahora dependerá de Woody convencer a los otros juguetes de que no fueron abandonados y regresar a casa."
tt0449005,Diary of a Bad Lad,3.9,Michael Booth,Jonathan Williams,"Frustrated filmmaker, Barry Lick, and a crew of film school wannabees, attempt to make a documentary about a local businessman who he believes is involved in property rackets, prostitution, pornography and drugs."
tt0446029,Scott Pilgrim contra el mundo,7.6,Edgar Wright,"Edgar Wright, Michael Bacall, Bryan Lee O'Malley",Scott Pilgrim debe derrotar a los malévolos siete ex novios de su nueva novia para ganar su corazón.
tt0411951,Tekken,4.8,Dwight H. Little,Alan B. McElroy,Jin Kazama es testigo de la muerte de su madre Jun por parte de Tekken.
tt0429493,El equipo A,6.7,Joe Carnahan,N/A,"Un grupo de veteranos de la guerra de Irak busca limpiar su nombre ante el ejército estadounidense, que sospecha que los cuatro hombres han cometido un crimen por el que fueron incriminados."
tt0439801,Segurança Nacional,3.5,Roberto Carminati,"Bruno Fantini, Roberto Carminati, Daniel Ortiz","El gobierno brasileño combate a los cárteles de la droga, que responden atacando la selva amazónica y las ciudades de Brasil. Se libra una batalla crucial para proteger los recursos nacionales."
tt0465637,Taken by Force,7.8,Ron Althoff,"Michael Su, Ron Althoff","When a San Francisco detective goes hunting for the cruel Asian crime figure who killed his partner, he finds himself thrown into the center of a violent plot to steal a terrorist weapon. Ty Nelson is a detective haunted by the violent death of his partner at the hands of Choy Muk, the leader of the Triad Dragons-- a violent, fanatical Asian gang operating in San Fran... Leer todo"
tt0464032,"Guns, Drugs and Dirty Money",8.1,John Anton,"John Anton, Jason Waugh","A medida que esta aventura se desarrolla, experimentarás riffs geniales, tatuajes, consumo excesivo de drogas, breves desnudos, lenguaje extremadamente fuerte, caos, asesinatos y una lluvia de disparos."
tt0464162,Komaram Puli,3.3,S.J. Suryah,N/A,"Puli, un valiente agente de policía, es nombrado agente especial de la seguridad del primer ministro. Pronto se enzarza en una pelea con Al Saleem, y se da cuenta de que Saleem es el responsable de la muerte de su padre."
tt0417610,Dormir al sol,6.3,Alejandro Chomski,N/A,"Lucio Bordenave carries on the Grey lifestyle of an unemployed worker, dedicated to the trade of watchmaking, until in a somewhat mysterious way, his wife is admitted to a Frenopatic Institute. From this point on, the story enters a territory without parameters where reality is confused with the imaginary, sleep with wakefulness, and insanity with lucidity."
tt0464154,Piraña 3D,5.5,Alexandre Aja,"Pete Goldfinger, Josh Stolberg",Un terremoto submarino libera a una especie prehistórica de pez carnívoro y un grupo de desconocidos une fuerzas para evitar convertirse en su comida.
tt0473075,Prince of Persia: Las arenas del tiempo,6.6,Mike Newell,N/A,"Un joven príncipe y una princesa fugitivos deben detener a un villano que, sin saberlo, amenaza con destruir el mundo con una daga especial que permite que la arena mágica de su interior invierta el tiempo."
tt0478660,El horror de la dama del lago,6.0,Diego Vázquez,Diego Vázquez,
tt0493949,Ramona y su hermana,6.5,Elizabeth Allen Rosenbaum,"Beverly Cleary, Laurie Craig, Nick Pustay","Tratando de desmentir su imagen de molesta y conflictiva, Ramona diseña varias estrategias para ganar dinero y así aliviar los problemas económicos de su familia."
tt0499608,Tranced,5.6,David Mickey Evans,Marshall Sylver,N/A
tt0765465,The Legend of Secret Pass,4.9,Steve Trenbirth,N/A,"The legend of secret pass is a charming CGI animated movie inspired by American Indian mythology,"
tt0436230,Project X27,7.0,Joaquin Perea,"Robert Shaw, Joaquin Perea","When 6 strangers meet at an abandoned resort off the coast in Baja Mexico, they are thrown into a nightmare confontation from which there may be no escape."
tt0445054,Les 7 jours du talion,6.5,Daniel Grou,N/A,"A doctor seeks revenge by kidnapping, torturing and killing the man who raped and murdered his young daughter."
tt0455407,The Crazies,6.5,Breck Eisner,"Scott Kosar, George A. Romero, Ray Wright","Después de un extraño accidente aéreo, un virus se adentra en una localidad agrícola tradicional. Una pareja joven en cuarentena lucha por sobrevivir, no sin algo de ayuda."
tt0462516,Satan Hates You,4.0,James Felix McKenney,James Felix McKenney,"Inspired from the golden age of religious cinema, Satan Hates You is a graphic horror film that tells the stories of a brother and sister and their personal struggles with the ultimate evil: Lucifer himself!"
tt0479204,Perfect Life,4.0,Josef Rusnak,Hilde Eynikel,About college students that experience horrifying visions from the past while undergoing a fraternity initiation.
tt0490236,The Invited,4.1,Ryan McKinney,"Regan McKinney, Ryan McKinney","A young married couple who are pregnant with their first child moves into their turn-of-the-century home where they discover that a great evil has resided there for nearly a century, unleashed by a previous occupant."
tt0419692,Disconnect,4.5,Robin Christian,Robin Christian,"A distraught college student finds a phone that enables her to talk to her deceased mother in the past. Instead of a heart attack, she learns that her mother was murdered. She tries to use the phone to stop the murder from occurring before the killer finds and kills her too."
tt0480255,Los perdedores,6.2,Sylvain White,N/A,"Un equipo de fuerzas especiales de la CIA es traicionado y dado por muerto por sus superiores, motivándoles a organizar una ofensiva contra la agencia."
tt0872230,Almas condenadas,4.7,Wes Craven,Wes Craven,Un asesino en serie regresa a su ciudad natal para acechar a siete niños que nacieron en la fecha en la que supuestamente lo enterraron.
tt0901504,Psych:9,4.4,Andrew Shortell,Lawrence Robinson,"Working alone at night in a recently closed hospital, an unstable woman witnesses events that may be connected to a string of murders."
tt0437462,Cargo: Les Hommes Perdus,5.4,Léon Desclozeaux,N/A,
tt0443331,Milenge Milenge,4.0,Satish Kaushik,N/A,"Con la esperanza de que el destino los vuelva a unir, una pareja, a punto de casarse, intenta encontrar a cada uno."
tt0482461,Barry Munday,5.8,Chris D'Arienzo,"Frank Turner Hollon, Chris D'Arienzo","Barry Munday wakes up after being attacked to realize that he's missing his family jewels. To make matters worse, he learns he's facing a paternity lawsuit filed by a woman he can't remember having sex with."
tt0482459,Bandeiji,6.6,Takeshi Kobayashi,N/A,Four boys have their friendship and musical talents tested in the ever changing worlds of the music industry and real life in 1990s Japan.
tt0463311,Federal,3.3,Erik de Castro,N/A,"A dangerous drug lord operates in Brasilia, the federal capital of Brazil. To capture him, the police will do whatever is necessary. Caught in the middle is a frightened population. ""Federals"" exposes the reality of a country that today is an important route for international drug-trafficking."
tt0176694,Az ember tragédiája,8.0,Marcell Jankovics,"Imre Madách, Marcell Jankovics","Adam's and Eve's epic journey throughout history trying to find the meaning of human life. Do we grow in wisdom as centuries pass, or just drift towards an inevitable doom?"
tt0247643,Los pájaros se van con la muerte,4.6,Thaelman Urgelles,"Edilio Peña, Thaelman Urgelles",The obsession of The Mother for The Negro causes her sick relationship with The Daughter. Mother and daughter perform a daily routine of rites to conjure The Negro's soul. It pushes them into the dolorous tragedy which will consume them.
tt0311448,Lives No Longer Ours,N/A,Paul Sanderson,"Paul Sanderson, Briggs Sanderson","In 1650 an adventurer returns to his castle to take down his deceased wife's portrait, but his long first night back is filled with revelations about her death. At dawn a swordfight with his prospective brother-in-law finally forces him into coming to terms with his loss."
tt0323808,The Wicker Tree,3.8,Robin Hardy,N/A,"Charmed by the residents of Tressock, Scotland, two young missionaries accept the invitation to participate in a local festival, fully unaware of the consequences of their decision."
tt0372538,Spy,6.5,Alexander Klymko,N/A,"Jonathan, an electronics expert and spy, is hired to track a beautiful woman with a harrowing past. Little does he know that this will be an assignment like no other. As he carries on with his surveillance, he cannot ignore that his feelings are growing for this woman, his ""target"". He is getting too involved. It's getting too real. He finally crosses a professional l... Leer todo"
tt0376136,Los diarios del ron,6.1,Bruce Robinson,"Hunter S. Thompson, Bruce Robinson","El periodista estadounidense Paul Kemp trabaja como freelance en Puerto Rico para un periódico local durante la década de 1960, mientras lucha por encontrar un equilibrio entre la cultura de la isla y los expatriados que viven allí."
tt0406282,Bubbles,9.1,Kasper Syhler,Kasper Syhler,"A man blames himself for the death of his girlfriend, which makes him go into emotional isolation. He lives in his own little mental bubble, from which he can't see out of. A woman then comes as sent from above, and he can see her through the wall of the bubble. But the bubble has to burst, for him to reach her... to reach her world... to find himself."
tt0377981,Gnomeo y Julieta,5.9,Kelly Asbury,N/A,"Separados por una valla de jardín y una enemistad, hay gnomos azules de un lado y gnomos rojos del otro. Esto no impide que el Gnomeo azul y la Julieta roja se enamoren. ¿Tienen un futuro juntos?"
tt0407194,Seven Fallen Objects,6.4,A.D. Liano,"Greg Boyd, A.D. Liano",
tt0433397,Satin,4.5,Christopher Olness,"Christopher Olness, Hamilton von Watts","A washed up Vegas lounge singer, Jack Satin (Hamilton von Watts), has no money, no job, and delusional aspirations of fame. When Jack is forced to leave Vegas, he packs up his old Cadillac and hits the road for Atlantic City. But his car dies in the desert and Jack is left stranded in the small town of Lost Springs. There, Jack meets jazz legend turned mechanic, Doc B... Leer todo"
tt0448694,El gato con botas,6.6,Chris Miller,N/A,"Un gato forajido, su amigo de la infancia y una seductora gatita ladrona, parten en busca de los huevos de oro de una legendaria gansa para limpiar su nombre, restaurar su honor perdido y recuperar la confianza de su madre y del pueblo."
tt0459748,Generation P,6.7,Victor Ginzburg,"Djina Ginzburg, Victor Ginzburg, Viktor Pelevin",Crónica del auge de la industria publicitaria en la Rusia postsoviética.
tt0461336,Salvando al Soldado Pérez,5.9,Beto Gómez,"Francisco Payó González, Beto Gómez",A Mexican crime lord is forced by his mother to plan a suicidal rescue mission to find his lost brother in the most unexpected place on Earth...
tt0462536,Silent Alarm,N/A,"Gerard Mogg, Gerry Mogg, Clody Cates",N/A,"A writer's mid-life crisis erupts while writing about the BDSM community. As he stumbles through this intriguing world, he realizes that sometimes reality and fantasy collide."
tt0409847,Cowboys & Aliens,6.0,Jon Favreau,N/A,"Una nave espacial llega a Arizona, en 1873, para apoderarse de la Tierra, empezando por la región del salvaje Oeste. Una cuadrilla de vaqueros y nativos es lo único que se interpone en su camino."
tt0433035,Acero puro,7.1,Shawn Levy,N/A,"En un futuro próximo, el boxeo con robots es un deporte de primera línea. Un exboxeador en apuros cree haber encontrado un campeón en un robot desechado."
tt0458339,Capitán América: El primer vengador,6.9,Joe Johnston,N/A,"Steve Rogers, un soldado rechazado, se transforma en Capitán América tras tomar una dosis de suero del súper soldado. Pero ser Capitán América tiene un precio cuando intenta acabar con un traficante de armas y una organización terrorista."
tt0469158,Platinum Illusions,6.9,Tony R. Warren,Tony R. Warren,"This action packed Hip-Hop drama explores the life of Oscar Hernandez, a handsome Latino ex-gang member who sets forth to land a recording contract and make a name for himself in the cut-throat hip hop business with the help of his crew. When a chance encounter with the owner of the hottest Latin Hip-Hop label on the West Coast, leaves one of his crew members in criti... Leer todo"
tt0472399,The Mechanic,6.5,Simon West,N/A,Un sicario de élite enseña su oficio a un aprendiz que tiene una conexión con una de sus anteriores víctimas.
tt0471042,Un golpe de altura,6.2,Brett Ratner,N/A,Un grupo de trabajadores descubre que su jefe les ha timado y conspiran para robarle en su casa.
tt0479997,En tiempo de brujas,5.4,Dominic Sena,Bragi F. Schut,"En el siglo XIV, unos caballeros transportan a una presunta bruja a un monasterio, donde los monjes deducen que sus poderes podrían ser el origen de la peste negra."
tt0210470,50 Feet of String,6.6,Leighton Pierce,N/A,A 12 section film that invites viewers into a more visceral and less verbally analytical state of mind.
tt0472181,Los pitufos,5.4,Raja Gosnell,N/A,"Cuando el malvado mago Gargamel persigue a los pequeños pitufos azules fuera de su aldea, estos llegan desde su mundo mágico a la ciudad de Nueva York."
tt0478304,El árbol de la vida,6.8,Terrence Malick,Terrence Malick,"La historia de una familia en Waco, Texas en 1956. El hijo mayor es testigo de la pérdida de la inocencia y lucha con las enseñanzas contrapuestas de sus padres."
tt0800369,Thor,7.0,Kenneth Branagh,N/A,"El poderoso pero arrogante dios Thor es expulsado de Asgard para vivir entre los humanos en Midgard (la Tierra), donde pronto se convierte en uno de sus mejores defensores."
tt0805617,Spoon,7.9,"Simon Hansen, Sharlto Copley",N/A,A thriller with supernatural overtones about a man with a medical condition that causes him to black out during moments of extreme stress and leads him to make a remarkable discovery about himself.
tt0816462,Conan el bárbaro,5.2,Marcus Nispel,N/A,Un guerrero bárbaro se dispone a vengarse del malvado señor de la guerra que atacó su aldea y asesinó a su padre cuando él era un niño.
tt0451154,The Passing,3.2,John Harwood,"Paul Clinco, John Harwood","An ancient inheritance binds the Naibert sisters to their grandmother's estate until they start disappearing one by one, leaving clues in the manor's mirrors."
tt0772179,Kill,4.4,"Chad Archibald, Gabriel Carrer","Chad Archibald, Gabriel Carrer, Ry Barrett","Six strangers awake to find themselves the new tenants of a mysterious old house. Terrorized by insane Tiki-men in masks and taunted by their deranged captors,it soon becomes clear that only one singular action will save them: Kill."
tt0780645,War of the Dead,4.1,Marko Mäkilaakso,N/A,A platoon of American and Finnish soldiers is driven deep into a Russian forest where its Captain discovers a terrifying secret.
tt0822847,El sicario de Dios,5.7,Scott Stewart,"Min-Woo Hyung, Cory Goodman",Un sacerdote desobedece la ley eclesiástica para perseguir a los vampiros que secuestraron a su sobrina.
tt0858422,Immortal Island,5.5,"Robert W. Sterrett III, Joe Knee",N/A,"When DEA agents are called to a beach crime scene, they discover a missing college girl drifting alone in a drug-runners boat. As she recalls her island trip of a lifetime, the investigation begins to unravel a spring break adventure that took a lethal dive into drugs, betrayal, and murder. Attempting to solve the mystery, catch the smugglers, and find the missing tee... Leer todo"
tt0873886,Red State,6.1,Kevin Smith,Kevin Smith,"El realizador Kevin Smith se pasa al cine de terror psicológico con un historia que se centra en una secta inspirada en la figura real de Fred Phelps, el líder de un grupo religioso extremista que se hacía llamar la Iglesia Bautista Westboro."
tt0875613,Rift,2.6,LazRael Lison,LazRael Lison,"Several college students are brutally murdered in a small college town and the killer is still on the loose. In an attempt to seek the truth, a journalism student misguidedly finds herself in a storm of intrigue, jealousy, devil worship, and the haunting of misunderstood forces that roam the college town. Will she discover the town's long buried secrets? Or will she f... Leer todo"
tt0477302,"Tan fuerte, tan cerca",6.9,Stephen Daldry,"Jonathan Safran Foer, Eric Roth","Basada en la elogiada novela del mismo título, cuenta la historia de la odisea de un chico que empieza con una pérdida desgarradora y termina con el poder curativo del auto-descubrimiento. Los trágicos sucesos del 11 de septiembre sirven como telón de fondo a este relato."
tt0480239,La rebelión de Atlas: 1ª parte,5.6,Paul Johansson,"Brian Patrick O'Toole, John Aglialoro, Ayn Rand",El ejecutivo Dagny Taggart y el magnate Henry Rearden forman una alianza para luchar contra el gobierno autoritario de los Estados Unidos.
tt0490847,Double Tap,5.3,Ryan Combs,"Fabian Carrillo, Ryan Combs","The ""Latin Dragon"" does it again this roller coaster ride of martial arts action. Police Detective Bobby Giovanni's wife has been murdered, his children taken into care and he wants revenge."
tt0844993,Las nuevas aventuras de Caperucita Roja,4.7,Mike Disa,N/A,"Red Riding Hood is training in the group of Sister Hoods, when she and the Wolf are called to examine the sudden mysterious disappearance of Hansel and Gretel."
tt0865911,Katharsis,6.3,Kawo Reland,"Andreas Reisenbauer, Kawo Reland, Richard Mahr",
tt0893310,Blur,7.5,John W. Kim,John W. Kim,"RAYMOND WEIR is a shut in computer genius surviving in the post dot-com era. Disabled as a result of a home invasion that took the life of his late wife, SARAH, Raymond sits in his makeshift apartment above a run down bar, over medicated, mourning her loss and contemplating suicide. His only contact with the world, besides his close friend PAUL are the three computer ... Leer todo"
tt0905372,La cosa (The Thing),6.2,Matthijs van Heijningen Jr.,"Eric Heisserer, John W. Campbell Jr.",Un centro de investigación de la Antártida descubre una nave alienígena que enfrenta a la estudiante graduada Kate Lloyd y al científico Dr. Sander Halvorson.
tt0448022,A Bird of the Air,6.6,Margaret Whitton,"Roger Towne, Joe Coomer","A man in search of his past, and a woman who lives in the moment, are brought together when they pursue the origins of a stray parrot in this comedic and romantic drama."
tt0480687,Carta blanca,5.9,"Peter Farrelly, Bobby Farrelly",N/A,"Rick y Fred, dos esposos que están teniendo dificultades en sus matrimonios, reciben carta blanca por parte de sus esposas: durante una semana, pueden hacer lo que quieran."
tt0491152,Algo prestado,5.8,Luke Greenfield,"Emily Giffin, Jennie Snyder Urman","La amistad se pone a prueba y los secretos salen a la superficie cuando Rachel, soltera terminal, se enamora de Dex, el prometido de su mejor amiga Darcy."
tt0770703,Dime con cuántos,6.0,Mark Mylod,"Gabrielle Allan, Jennifer Crittenden, Karyn Bosnak",Una mujer recuerda a los últimos 19 hombres con los que ha estado y se pregunta si uno de ellos podría ser su amor verdadero.
tt0770819,Till You Get to Baraboo,8.3,Emmett Loverde,Emmett Loverde,A young man learns to let go of worn-out dreams in order to make room for new love.
tt0803061,Red Dog,7.3,Kriv Stenders,"Louis de Bernières, Daniel Taplitz",Basado en la historia real del Perro Rojo que unió a una comunidad local mientras recorría el interior de Australia en busca de su amo perdido hace mucho tiempo.
tt0439724,Moving Target,7.4,Mark Tierney,"Mark Tierney, Jeremy Henman, Laurence Scott","About a man (Greco), who runs from north to south London and the problems he encounters on the way. It is a tense psychological drama of jealousy, passion and paranoia based on cult classic ""The Swimmer""."
tt0781441,Escalade,4.6,Charlotte Silvera,"Charlotte Silvera, Lyudmila Razumovskaya","When a group of charming teenagers ring the bell of their high school headmistress (Carmen Maura) with a big bouquet of flowers and a birthday present, we are far from thinking that they are the protagonist of a machiavellian plan. Alice Nabat invites this group of jolly young people to have a drink, not knowing that once the door has closed behind them, they will bec... Leer todo"
tt0337692,En el camino,6.0,Walter Salles,"Jose Rivera, Jack Kerouac",La vida del joven escritor Sal Paradise cambia cuando conoce al espíritu Libre de Dean Moriarty y a su novia Marylou. En su viaje a través del país conocen a gente que los marcará para siempre.
tt0426566,Acorralados,5.9,Julio Bove,"Julio Bove, Fabiana Medici",A government's decree to freeze all bank accounts leaves a retired man with no alternative but to devise a sly way to get his money to survive.
tt0433533,Caleuche: El llamado del Mar,4.8,Jorge Olguín,"Carolina García, Jorge Olguín","A young woman who suffers a strange disease must travel to a mysterious island in South America, where the myths and the reality do not have differences."
tt0433787,L'apocalisse delle scimmie,6.8,Romano Scavolini,Romano Scavolini,N/A
tt0443272,Lincoln,7.3,Steven Spielberg,"Tony Kushner, Doris Kearns Goodwin","A medida que la Guerra Civil Americana continúa, el presidente de Estados Unidos lucha con una carnicería continua en el campo de batalla mientras lucha con muchos dentro de su propio gabinete por la decisión de emancipar a los esclavos."
tt0454876,La vida de Pi,7.9,Ang Lee,"David Magee, Yann Martel","Un joven que sobrevive a una catástrofe en el mar se ve abocado a un viaje épico de aventuras y descubrimientos. Mientras está abandonado, establece una conexión inesperada con otro superviviente: un temible tigre de Bengala."
tt0455323,La vida de Flynn,6.4,Paul Weitz,"Nick Flynn, Paul Weitz","Working in a Boston homeless shelter, Nick Flynn re-encounters his father, a con man and self-proclaimed poet. Sensing trouble in his own life, Nick wrestles with the notion of reaching out yet again to his dad."
tt0249516,Foodfight!,1.3,Lawrence Kasanoff,N/A,La marca X entra en un supermercado que se convierte en una ciudad después de la hora de cierre.
tt0285252,Life's a Beach,3.6,Tony Vitale,Tony Vitale,"Darren Fields (Darren Geare) gets stood up on the day of his wedding and uses his vacation tickets with his best friend, R.J. (R.J. Knoll), to spend his ""honeymoon"" at a Club Med-style resort."
tt0383010,Los tres chiflados,5.1,"Peter Farrelly, Bobby Farrelly","Peter Farrelly, Mike Cerrone, Bobby Farrelly","Mientras intentan salvar el orfanato de su infancia, Moe, Larry y Curly se topan sin querer con un complot de asesinato y terminan protagonizando un reality show televisivo."
tt0404978,Un plan perfecto (Gambit),5.7,Michael Hoffman,"Sidney Carroll, Joel Coen, Ethan Coen","Un catalogador de arte decide vengarse de su jefe abusivo engañándolo para que compre un Monet falso, pero su plan requiere la ayuda de una excéntrica e impredecible reina de los rodeos de Texas."
tt0452664,Os Penetras,5.3,Andrucha Waddington,N/A,Marcos and Beto meet when crashing a private New Year's Eve party and subsequently go on a three-day adventure.
tt0475360,Persona Au Gratin,N/A,Rebecca Heck,Andy Cannistra,"Rowan Vittles is an average American Teenager with a problem: his family is hooked on eating people! With the help of best friend Seth, and girlfriend Rellie, Rowan tries to detox off his Mom's high protein diet and escape the family 'business', but falls prey to the town Mortician, Mr. Ghoulden, who has other plans for Rowan..."
tt0485521,Sushi in Suhl,6.3,Carsten Fiebeler,"Elke Weigelt, Jens-Frederik Otto","One evening in the mid-sixties, Rolf Anschütz, a chef who runs a small restaurant in a town called Suhl in the middle of the East German province of Thuringen offers his guests a unique and exotic meal - Japanese Sukiyaki. It was intent to be a surprise for some of his best customers and it became a great success. Even the local paper wrote about it - and this should ... Leer todo"
tt0763831,Mil palabras,5.9,Brian Robbins,Steve Koren,"Después de estirar la verdad en un trato con un gurú espiritual, el agente literario Jack McCall encuentra un árbol Bodhi en su propiedad. Su aparición contiene una valiosa lección sobre las consecuencias de cada palabra que pronuncia."
tt0401729,John Carter,6.6,Andrew Stanton,N/A,"Transportado a Barsoom, un veterano de la Guerra Civil descubre un planeta estéril aparentemente habitado por bárbaros de más de 3 metros de altura y una princesa que necesita desesperadamente un salvador."
tt0475239,Clutch,8.0,Jay Rowlands,Jay Rowlands,"Clutch es la historia de un piloto de carreras en apuros que se lo juega todo. Arriesga su vida, sus amigos y su libertad cuando toma un camino equivocado en sus intentos por mantener sus carreras."
tt0485985,Escuadrón Rojo,5.9,Anthony Hemingway,N/A,"Un grupo de pilotos afroamericanos en el programa de entrenamiento de Tuskegee, que se enfrentaron a la segregación mientras permanecían sobre el terreno durante la Segunda Guerra Mundial, son llamados al servicio bajo la dirección del Coronel A.J. Bullard."
tt0790724,Jack Reacher,7.0,Christopher McQuarrie,"Christopher McQuarrie, Lee Child",Un investigador de homicidios investiga el caso de un francotirador militar que disparó a cinco personas al azar.
tt0829176,Cazador de demonios (Gallowwalkers),3.6,Andrew Goth,"Joanne Reay, Andrew Goth",Un hombre maldito cuyas víctimas regresan de entre los muertos recluta a un joven guerrero para que lo ayude a luchas contra esta horda de zombis.
tt0848228,Los Vengadores,8.0,Joss Whedon,N/A,Los héroes más poderosos de la Tierra deben unirse y aprender a luchar en equipo si quieren evitar que Loki y su ejército alienígena esclavicen a la humanidad.
tt0857190,The Sweeney,6.1,Nick Love,"John Hodge, Nick Love, Ian Kennedy Martin","Adaptación de una serie británica de los 70, que sigue la historia de una pareja de policías de Londres, el detective Jack Regan y su leal compañero George Carter."
tt0860907,Evangelion 3.0 You Can (Not) Redo,6.9,N/A,N/A,"Han pasado catorce años desde el casi tercer impacto. La mayor parte del mundo ha cambiado, excepto Shinji Ikari, quien despierta en un entorno nuevo y extraño sin haber envejecido."
tt0948470,The Amazing Spider-Man,6.9,Marc Webb,N/A,"Después de que Peter Parker sea mordido por una araña genéticamente alterada, adquiere poderes arácnidos y se aventura a salvar la ciudad de las maquinaciones de un misterioso enemigo reptiliano, el Lagarto."
tt0837562,Hotel Transilvania,7.0,Genndy Tartakovsky,N/A,"Drácula, que dirige un complejo turístico de alto nivel alejado del mundo humano, se pone en modo sobreprotector cuando un chico descubre el complejo y se enamora de su hija adolescente."
tt0903624,El hobbit: Un viaje inesperado,7.8,Peter Jackson,N/A,"Un reticente hobbit, Bilbo Bolsón, parte hacia la Montaña Solitaria con un animado grupo de enanos para reclamar su hogar en la montaña, y el oro que contiene, al dragón Smaug."
tt0431021,The Possession: El origen del mal,5.9,Ole Bornedal,N/A,"Una niña compra una caja antigua, sin saber que dentro vive un espíritu malvado que destruye la vida de quienes la poseen. El padre de la niña y la propia niña deberán encontrar la manera de terminar con esa maldición."
tt0495024,Bad Blood,5.4,Conrad Janis,N/A,9 college students on road trip get waylaid and wind up in deep trouble.
tt0850677,Jack & Diane,4.5,Bradley Rust Gray,Bradley Rust Gray,Diane's feelings for Jack -- the girl she met over the summer -- begin to manifest themselves in terrifying ways when she learns that her friend will soon be moving away.
tt0938330,Silent Hill: Revelación 3D,4.9,M.J. Bassett,N/A,"Tras la desaparición de su padrastro, Sharon se encuentra en una aterradora realidad alterna que acoge las respuestas a las pesadillas que la han acechado desde niña."
tt0787442,El atentado,7.1,Ziad Doueiri,"Yasmina Khadra, Ziad Doueiri, Joelle Touma",Un cirujano Palestino que vive en Tel Aviv descubre un oscuro secreto sobre su esposa después de un atentado suicida.
tt0907852,Exposed,6.0,"Burke Heffner, Shashi Balooja","Caytha Jentis, Shashi Balooja",You're ambitious and want to be a player in the New York City political arena. Be careful what you wish for.
tt0995845,El mensajero,4.5,Hany Abu-Assad,"Brannon Coombs, Pete Dris","Un millón de dólares solo por entregar un maletín ... Es un trabajo demasiado bueno para ser verdad, especialmente si eres El Mensajero, un portador temerario reconocido por asumir misiones imposibles que nunca se ha fallado una entrega."
tt0790653,Elliot Loves,6.1,Terracino,Terracino,"Two stages of a Dominican-American's life; first as a boy trying to bond with his young mother, then a 21-year-old looking for love in New York City."
tt0810772,Belle du Seigneur,5.0,Glenio Bonder,N/A,Un funcionario de alto rango judío tiene un romance con la esposa protestante de uno de sus empleados.
tt0865557,Letting Go,6.4,Jake Torem,Jake Torem,"Unlucky in love, strangled at work, and tormented at home, Joel Slater is desperately searching for a way to juggle his life. But sometimes, the secret to happiness begins with letting go."
tt0878814,Una novia muy especial,4.5,Bryan Fogel,"Sam Wolfson, Bryan Fogel",Comedia romántica acerca de dos amigos de la infancia que se reúnen despues de muchos años. Uno de ellos le pide al otro que finja ser judío para conquistar a una chica judía.
tt0969345,Strange Frame: Love & Sax,7.3,G.B. Hajim,N/A,"In a dystopian spacefaring future, Naia, a female guitarist, and Parker, a female saxophonist, fall in love and form a successful band together. A sleazy music producer breaks them up. When his acts start dying, Parker must save Naia."
tt0293069,Dark Blood,6.3,George Sluizer,"Jim Barton, Sophie Dix","La vida de Boy, un joven viudo que vive en el desierto en un sitio de pruebas nucleares."
tt0790788,The Yellow Wallpaper,5.6,Logan Thomas,"Logan Thomas, Aric Cushing, Charlotte Perkins Gilman","After a devastating fire, Charlotte and John rent a countryside house and attempt to start life over, though Charlotte, upon seeing visions of her deceased daughter, retreats to the house's attic and pulls away from her husband and sister."
tt0906013,The Grind,2.9,Rishi Opel,Rishi Opel,"British crime drama in which the diverging fortunes of a pair of friends threaten to destroy them both. After a long, hard struggle Vince (Freddie Connor) is finally going places. Set for promotion from a nightclub manager to his dream job overseeing a casino and due to be married to Nancy (Zoe Tapper), Vince is looking forward to the future. In contrast, his childhoo... Leer todo"
tt0938305,Freaky Deaky,5.7,Charles Matthau,"Elmore Leonard, Charles Matthau","Set in 1974, a pair of '60s radicals rely on their bomb-making skills on their way to becoming capitalists."
tt0255820,Return to Babylon,6.0,Alex Monty Canawati,"Bruce Pitzer, Alex Monty Canawati, Stanley Sheff",The scandals and decadent lives of the 1920's greatest movie stars.
tt0359950,La vida secreta de Walter Mitty,7.3,Ben Stiller,N/A,"Cuando está a punto de perder su trabajo, Walter pasa a la acción embarcándose en una aventura más extraordinaria que cualquier cosa que pudiera haber imaginado."
tt0409379,In Secret,6.1,Charlie Stratton,"Neal Bell, Émile Zola, Charlie Stratton",Thérèse crece con su tía y su prima. Hacia 1860 la tía decide mudarse a París y que su hijo y Thérèse se casen. La vida alegre y sin amor cambia cuando su esposo trae a un amigo a casa. El asunto se pone feo para todos.
tt0453562,42: La verdadera historia de una leyenda del deporte,7.5,Brian Helgeland,Brian Helgeland,"En 1947, Jackie Robinson se enfrenta al racismo resultante de convertirse en el primer afroamericano jugador de la liga profesional de béisbol al ser contratado por los Brooklyn Dodgers."
tt0479700,Without Warrant,5.9,Michael Adante,Michael Adante,Un joven detective se asocia con un experimentado y renegado policía encubierto para resolver un brutal asesinato entre bandas.
tt0485061,uwantme2killhim?,6.3,Andrew Douglas,"Fernley Phillips, Mike Walden",A teenage boy's descent into the dangerous world of the Internet and the harrowing consequences of his actions. A true story.
tt0762138,Syrup,5.6,Aram Rappaport,N/A,"Un holgazán trama una idea de un millón de dólares. Pero, para llevarlo a cabo, tiene que aprender a confiar en su atractiva contraparte corporativa. Basado en la novela de Max Barry."
tt0780625,Santorini Blue,3.7,Matthew D. Panepinto,"Deirdre Lorenz, Matthew D. Panepinto","Felix and Alexandra's tender marriage unravels after a devastating betrayal. The story travels on an international journey of discovery from New York City to Santorini, Greece while addressing this very question."
tt0790636,Dallas Buyers Club,7.9,Jean-Marc Vallée,"Craig Borten, Melisa Wallack","En el Dallas de 1985, el estafador y electricista Ron Woodroof trabaja fuera del sistema para ayudar a pacientes de SIDA a encontrar la medicación que necesitan."
tt0452183,Blunt Movie,6.8,Jason Bunch,Jason Bunch,"Sketch comedy in the tradition of ""Kentucky Fried Movie"". Several TV commercial and movie parodies, sex, politics and crazy-humor sketches."
tt0469021,Alan Partridge: Alpha Papa,6.9,Declan Lowney,N/A,Un excéntrico locutor de radio se ve envuelto en una crisis cuando la emisora es comprada por una gran empresa mediática. Deberá colaborar con las autoridades para evitar un desastre.<
tt0481499,Los Croods,7.1,"Kirk DeMicco, Chris Sanders",N/A,"Tras la destrucción de su cueva, una familia de cavernícolas debe recorrer un mundo fantástico desconocido con la ayuda de un ingenioso niño."
tt0490075,Aftermath,4.9,Thomas Farone,Thomas Farone,A dark comedy about one man's overreaction! Roma's (Anthony Michael Hall) perfect life unravels when his foreman goes missing and he chooses to fire the wrong guy.
tt0790628,El increíble Burt Wonderstone,5.9,Don Scardino,N/A,"Un mago veterano de Las Vegas intenta revivir su carrera después de que su compañero de toda la vida renuncie, lo echen de su actuación en el casino y un nuevo y provocador ""mago callejero"" le robe el protagonismo."
tt0790736,R.I.P.D. Departamento de policía mortal,5.6,Robert Schwentke,N/A,Un policía recientemente asesinado se une a un equipo de policías no muertos que trabajan para el R.I.P.D. y trata de encontrar al hombre que lo asesinó.
tt0496375,Prisioneros del sol,3.7,Roger Christian,"Anthony Hickox, Peter Atkins","Una expedición multinacional descubre una ciudad perdida debajo de una pirámide, donde deben evitar que los Dioses despertados del antiguo Egipto inicien el Apocalipsis."
tt0770828,El hombre de acero,7.1,Zack Snyder,N/A,Un niño alienígena es evacuado de su mundo moribundo y enviado a la Tierra para vivir entre los humanos. Su paz se ve amenazada cuando otros supervivientes de su planeta natal invaden la Tierra.
tt0816711,Guerra mundial Z,7.0,Marc Forster,N/A,"Gerry Lane, antiguo empleado de las Naciones Unidas, recorre el mundo en una carrera contrarreloj para detener una pandemia zombi que está derribando ejércitos y gobiernos y amenaza con destruir a la humanidad."
tt0817545,The Power of Few,5.1,Leone Marucci,Leone Marucci,La conspiración religiosa choca con el crimen urbano en una historia contada desde múltiples perspectivas.
tt0848537,Epic: El mundo secreto,6.6,Chris Wedge,N/A,Una adolescente se encuentra transportada a las profundidades de un bosque donde tiene lugar una batalla entre las fuerzas del bien y las fuerzas del mal. Se une a un grupo de personajes curiosos para salvar su mundo y el nuestro.
tt0882977,El mensajero,6.4,Ric Roman Waugh,"Ric Roman Waugh, Justin Haythe","Un padre va de incógnito para la DEA con el fin de liberar a su hijo, que fue encarcelado después de que le tendieran una trampa en un negocio de drogas."
tt0843839,The Fallen Word,7.4,Oliver Harrison,Oliver Harrison,"In a fantastic quasi Georgian (18th century) world, a fanatical religious sect ""The Holy Exaltation"" have taken control."
tt0884726,El regreso de Dorothy al mundo de Oz,5.0,"Will Finn, Daniel St. Pierre",N/A,"Shortly after a tornado rips through her Kansas home, Dorothy returns to Oz to save her friends from a villainous jester."
tt0996958,Legend of the Red Reaper,2.2,Tara Cardinal,N/A,"Durante mil años, los Reapers protegieron a la humanidad de los demonios que acechan en la oscuridad. Ahora, al comienzo de una nueva era, los Reapers son traicionados y masacrados. Sólo queda una Reaper: Red, y ella quiere vengarse."
tt0768222,Night of the Templar,3.8,Paul Sampson,Paul Sampson,"Medieval knight Lord Gregoire, who has been betrayed by his own advisor and warriors for an abundance of gold and riches, vows that after these traitors revel in ten life-times of excess, he will have his bloody revenge."
tt0963948,Shroud,6.3,David Jetre,David Jetre,In 1862 a Dutch widow travels to the Old West to discover the fate of her husband and learn the horrible secret of the town in which he died.
tt10033686,Grandmother's Farm,2.8,Ahmed Zain,Ibrahim Bin Mohamed,A guys' getaway to one of their grandmother's farm in the desert goes from fun to frightening when a mystery guest crashes the party.
tt10121164,Fantasia 2,N/A,Cosmotropia de Xam,N/A,N/A
tt0463960,The Devil You Know,3.3,James Oakley,Alex Michaelides,The daughter of once famous actress is faced with her mother's dark past.
tt10039528,Hollywood Necronomicon,N/A,Cosmotropia de Xam,N/A,
tt0837559,Approaching Midnight,3.5,Sam Logan Khaleghi,Sam Logan Khaleghi,US Army Staff Sergeant Wesley Kent returns from the war abroad and must now fight the threat of corruption and deception in his hometown at all personal costs.
tt0804463,Condenados (Devil's Knot),6.1,Atom Egoyan,"Scott Derrickson, Mara Leveritt, Paul Harris Boardman",El feroz asesinato de tres niños pequeños provoca un polémico juicio de tres adolescentes acusados de matar a los niños como parte de un ritual satánico.
tt0338258,Instruments of Darkness,6.4,Vincent Regan,"William Shakespeare, Vincent Regan",
tt0365907,Caminando entre las tumbas,6.5,Scott Frank,"Scott Frank, Lawrence Block",El investigador privado Matthew Scudder es contratado por un capo de la droga para averiguar quién secuestró y asesinó a su esposa.
tt0424859,La novena nube,6.2,Jane Spencer,"Lucy Shuttleworth, Jane Spencer","THE NINTH CLOUD is a dark, existential comedy about a young woman trying to find answers to the meaning of existence ... who runs into a whole pack of strange characters in London, from bohemian struggling artistes, to monied British aristocrats, with all their varying agendas as she tries to help an impoverished immigrant child with a leg problem."
tt0435651,The Giver,6.4,Phillip Noyce,"Michael Mitnick, Lois Lowry, Robert B. Weide","En una comunidad aparentemente perfecta, sin guerra, dolor, sufrimiento, diferencias o elección, un joven es elegido para aprender de un anciano sobre el verdadero dolor y placer del mundo real."
tt0443465,Antes de que te vayas,6.8,Chris Evans,N/A,"En Manhattan, una noche de inesperadas aventuras convierte a dos desconocidos en perfectos confidentes."
tt0458413,Mejor otro día,6.3,Pascal Chaumeil,"Nick Hornby, Jack Thorne",Cuatro personas se reúnen en Noche Vieja como un sucedáneo de familia para darse apoyo mutuo.
tt0470752,Ex_Machina,7.7,Alex Garland,Alex Garland,Un joven programador es seleccionado para participar en un innovador experimento de inteligencia sintética evaluando las cualidades humanas de una inteligencia artificial humanoide muy avanzada.
tt0485535,Dil Ka Sauda,5.3,Lalji B. Yadav,K.K. Gupta,
tt0016906,Frivolinas,5.5,Arturo Carballo,N/A,"Basada en espectáculos de variedades de los años 20 tales como 'Arco Iris', 'La feria de las hermosas', y 'Las maravillosas', todos ellos creados por Eulogio Velasco."
tt0329539,Rice Girl,3.3,Michael Fischa,Cat Ling,"Windy Yee is a dimwitted actress desperately tries to land a big role in Director Martini's new movie, Hooker X."
tt0780548,Kid Cannabis,6.4,John Stockwell,"Mark Binelli, John Stockwell",Un joven de dieciocho años que abandona la escuela secundaria y su amigo de veintisiete años comienzan a traficar marihuana a través de la frontera de Canadá para ganar dinero y sus vidas cambian para siempre.
tt0787474,Los Boxtrolls,6.8,"Anthony Stacchi, Graham Annable",N/A,"Un joven huérfano, criado por recolectores de basura que viven en cuevas subterráneas, intenta salvar a sus amigos de un malvado exterminador."
tt0862748,Lupin y el corazón púrpura de Cleopatra,5.5,Ryûhei Kitamura,N/A,"El nieto de un legendario ladrón reúne a un equipo de criminales para robar un collar de Cleopatra que se divide en dos partes, con dos propietarios distintos, un aliado que se convirtió en un rival y un magnate del inframundo."
tt0864835,Las aventuras de Peabody y Sherman,6.8,Rob Minkoff,N/A,Las aventuras en el tiempo de un genio canino y su hijo adoptivo en sus intentos de reparar la brecha temporal que han creado.
tt0403935,Action Jackson,3.4,Prabhu Deva,N/A,"In order to escape crime and clutches of a ruthless mafia, a Bangkok based hit man seeks the help of his lookalike, a Mumbai based goon."
tt0455944,The Equalizer: El protector,7.2,Antoine Fuqua,"Richard Wenk, Michael Sloan, Richard Lindheim","Un hombre cree que ha dejado su misterioso pasado atrás y que puede llevar una nueva vida en paz. Pero cuando conoce a una joven bajo el control de gánsteres rusos ultra-violentos, no puede quedarse de brazos cruzados - tiene que ayudarla."
tt0458481,Sin City: Una dama por la que matar,6.5,"Frank Miller, Robert Rodriguez",N/A,Los caminos de algunos de los habitantes más duros de Sin City se cruzan con los de algunos de los más despreciables.
tt0772175,Jersey Justice,6.1,John Charles Hunt,John Charles Hunt,"A suburban woman witnesses her husbands murder, and decides to seek revenge in a 24 hr period. Along the way, Polly O'Bannon finds others who share her taste for revenge in the Pinelands of South Jersey."
tt0829150,Drácula: La leyenda jamás contada,6.2,Gary Shore,"Burk Sharpless, Bram Stoker, Matt Sazama","Ante la amenaza de los turcos a su reino, el joven príncipe Vlad Tepes debe convertirse en un monstruo temido por su propio pueblo para obtener el poder necesario para proteger a su propia familia, y a las familias de su reino."
tt0831387,Godzilla,6.4,Gareth Edwards,"Dave Callaham, Max Borenstein","El mundo se ve acosado por la aparición de criaturas monstruosas, pero una de ellas puede ser la única que salve a la humanidad."
tt0835775,Electric Slide,4.6,Tristan Patterson,"Tristan Patterson, Timothy Ford",A chronicle of the life of furniture salesman turned bank robber Eddie Dodson.
tt0498351,The Hero of Color City,3.9,Frank Gladstone,N/A,A diverse band of crayons strive to protect not only their magical multihued homeland but the imagination of children everywhere from a terrifying monster.
tt0892062,Hamlet A.D.D.,6.2,"Andrew Swant, Bobby Ciraldo","William Shakespeare, Andrew Swant, Bobby Ciraldo",Hamlet is an easily distracted prince who is challenged to kill his uncle Claudius by the ghost of his recently dead dad. This bizarre sci-fi comedy features live-action characters in a colorful cartoon world.
tt0464054,House at the End of the Drive,5.6,David Worth,"Jim Vines, David Oman",The aftermath of the Manson Murders the victims of their heinous vrimes comes to a man that just built a home 150' from where they died! Now the spirits of these victims infest David Oman's home on Cielo Dr.
tt1015471,The Sisterhood of Night,6.1,Caryn Waechter,"Marilyn Fu, Steven Millhauser","When a teenage girl says she's the victim of a secret network called The Sisterhood of Night, a quiet suburban town becomes the backdrop for a modern-day Salem witch trial."
tt0900387,Suite francesa,7.0,Saul Dibb,"Matt Charman, Saul Dibb, Irène Némirovsky","Durante los primeros años de la ocupación nazi de Francia en la Segunda Guerra Mundial, el romance se desarrolla entre Lucile Angellier (Michelle Williams), un aldeano francés, y Bruno von Falk (Matthias Schoenaerts), un soldado alemán."
tt10006510,Life Mein Twist Hai,8.6,"Dinesh Soni, VijayPrakash80","Jeetendar Srivastav, Govind Mishra",
tt10035404,Zvyozdy svetyat vsem,N/A,Aleksandr Kananovich,N/A,
tt10039022,Hum tum,N/A,Rom Bhimana,N/A,N/A
tt0297400,Snowblind,7.0,N/A,N/A,N/A
tt0337926,Chatô: O Rei do Brasil,6.0,Guilherme Fontes,N/A,"La historia de Assis Chateaubriand, el primer magnate de la comunicación de Brasil. Debido a su influencia desde finales de la década de 1930 hasta principios de la de 1960, se le ha llamado El ciudadano brasileño Kane."
tt0346045,Transeúntes,6.7,Luis Aller,N/A,"Passers-by is a constructivist, multiple, fragmented and cosmic film... a cinematographic Big Bang resulting from a thorough conception and edition work by Director Luis Aller. Passers-by exposes us to ephemeralness inside hundreds of human beings' lives in their particular evolutions, and allows us to watch them as though we open a wide window over the city of Barcel... Leer todo"
tt0420293,Experimento en la prisión de Stanford,6.8,Kyle Patrick Alvarez,"Philip Zimbardo, Tim Talbott","En 1971, veinticuatro estudiantes masculinos son seleccionados para asumir papeles de prisioneros y guardias asignados al azar en una prisión de prueba situada en el sótano del edificio de psicología de Stanford."
tt0462335,High-Rise,5.5,Ben Wheatley,"Amy Jump, J.G. Ballard",Las vidas de los vecinos de un edificio se salen de control.
tt0787524,El hombre que conocía el infinito,7.2,Matt Brown,"Robert Kanigel, Matt Brown","La historia y vida del genio matemático indio Srinivasa Ramanujan y su amistad con su mentor, el profesor G.H. Hardy."
tt0790770,Miles Ahead,6.4,Don Cheadle,N/A,Una exploración de la vida y obra del músico Miles Davis.
tt0810819,La chica danesa,7.1,Tom Hooper,"David Ebershoff, Lucinda Coxon",Historia de amor ficticia inspirada en las vidas de los artistas daneses Lili Elbe y Gerda Wegener. El matrimonio y el trabajo de Lili y Gerda evolucionan a medida que transcurre la pionera experiencia de Lili como transgénero.
tt0191476,Aceste Lehamite,6.1,Mircea Daneliuc,Mircea Daneliuc,"Young Doina has a car accident. In intensive care, the doctor, Vali, calls her time of death but discovers that the child she was carrying is still alive. Wishing to save its life, the doctor puts the mother on artificial life support."
tt0478970,Ant-Man,7.2,Peyton Reed,N/A,"El ladrón de guante blanco Scott Lang, equipado con un súper traje con la asombrosa capacidad de reducir el tamaño pero aumentar la fuerza de quien lo lleva, debe aceptar a su héroe interior y ayudar a su mentor, el Dr. Hank Pym, a planear y llevar a cabo un atraco que salvará al mundo."
tt0884732,El gurú de las bodas,6.6,Jeremy Garelick,"Jeremy Garelick, Jay Lavender","A dos semanas para su boda, un tipo tímido se ve envuelto en una estafa por parte de una empresa que brinda servicio de padrinos de boda."
tt0369610,Jurassic World,6.9,Colin Trevorrow,N/A,"Un nuevo parque temático, construido en el emplazamiento original de Jurassic Park, crea un dinosaurio híbrido modificado genéticamente, el Indominus rex, que escapa a la contención y se lanza a la matanza."
tt1014763,El niño 44,6.4,Daniel Espinosa,"Richard Price, Tom Rob Smith",Un miembro caído en desgracia de la policía militar rusa investiga una serie de asesinatos de niños durante la época de Stalin en la Unión Soviética.
tt0850678,Jackson Arms,6.9,Nitram Nosirrag,Martin Garrison,"A bad-boy bachelor falls for his nemesis and downstairs neighbor, a conservative chinese-american acupuncturist. Just as he becomes more family-oriented, an offensive bet he made about her is revealed, and he must scramble amidst a colorful array of characters to win back her heart. Cinematography by oscar nominee james laxton (moonlight). Shot for under $100,000 in o... Leer todo"
tt0977643,Chooriyan,5.6,Sukhwant Dhadda,N/A,"El huérfano Simran se casa con Aman, un oficial del ejército. Tras la muerte de Aman, Simran promete cuidar a su familia. Las esposas de los suegros crean divisiones. Simran lucha por reunir a la familia y cumplir su promesa."
tt0315642,Wazir,7.1,Bejoy Nambiar,N/A,Un policía desconsolado y un gran maestro amputado se ven unidos por un peculiar giro del destino como parte de una conspiración más amplia que ha oscurecido sus vidas.
tt0376479,American pastoral (Pastoral americana),6.1,Ewan McGregor,"Philip Roth, John Romano",Un matrimonio estadounidense aparentemente perfecto ve su vida desmoronarse cuando su hija decide formar parte de los disturbios en los 60.
tt0443533,La historia del amor,6.3,Radu Mihaileanu,N/A,The story of a long-lost book that mysteriously reappears and connects an old man searching for his son with a girl seeking a cure for her mother's loneliness.
tt0470936,"Tak erkir, tsurt dzmer",4.2,David Safarian,N/A,"A tale of a man and a woman suffering near-absurd circumstances. Their narratives, recollections, imagination, dreams."
tt0475290,"¡Ave, César!",6.3,"Joel Coen, Ethan Coen","Joel Coen, Ethan Coen",Un mediador del Hollywood de los años 50 trata de mantener a raya a las estrellas del estudio.
tt0490215,Silencio,7.2,Martin Scorsese,"Shûsaku Endô, Jay Cocks, Martin Scorsese","En el siglo XVII, dos jesuitas portugueses viajan a Japón en busca de su mentor, del que se rumorea es un apóstata, y para propagar el Catolicismo."
tt0493076,Nina Simone,5.4,Cynthia Mort,Cynthia Mort,"La historia de Nina Simone, su ascenso a la fama y la relación con su manager Clifton Henderson."
tt0838194,Retreat!,8.1,Scott Slone,Scott Slone,"Inspired by war films from the 1950's, Retreat! tells the story of nine U.S. Soldiers who were forced to retreat into unknown territories deep in the heart of Korea."
tt0765453,Have You Seen Me?,N/A,Ryan Paige,Ryan Paige,N/A
tt0821486,Manhattan Minutiae,6.4,Steve Becker,Steve Becker,"A rock & roll romantic comedy set in NYC about the pursuit of love, passion, and the meaning of life, all punctuated by an original, pulsating soundtrack and live performances by the all girl group MaxiTit."
tt0364201,Aman Ke Farishtey,7.1,Kader Kashmiri,Kader Kashmiri,A police officer enlists help of a dancer and a jailed comrade to stop an evil mastermind to destroy India apart.
tt0775440,Cell,4.4,Tod Williams,N/A,"Cuando una misteriosa señal de teléfono celular provoca un caos apocalíptico, un artista está decidido a reunirse con su pequeño hijo en Nueva Inglaterra."
tt0803096,Warcraft: El origen,6.7,Duncan Jones,"Duncan Jones, Charles Leavitt","Mientras una horda de orcos invade el planeta Azeroth utilizando un portal mágico, unos pocos héroes humanos y orcos disidentes deben intentar detener al verdadero mal que hay detrás de esta guerra."
tt0825283,El viaje de Max,3.6,Jay Martin,"Jesse Spears, Angelique Hanus, James Patterson",Una bandada de niños alados monta un plan de rescate cuando los niños-lobos secuestran a su miembro más joven y la devuelven a la institución militarizada que los creó a todos.
tt0918940,La leyenda de Tarzán,6.2,David Yates,N/A,"Tarzán, tras acostumbrarse a vivir en Londres, regresa a su hogar en la jungla para investigar las actividades mineras en la zona."
tt0848554,Travis,3.7,"David Blair, Adam Pitman","David Blair, Adam Pitman, Adam Stilwell","One year after seven local students are inexplicably murdered at a lake house party near the Canadian border, recent high school grads Travis and his buddy Nate plan a celebratory road trip to Canada. While cutting through the woods at night, the two friends are savagely attacked by mysterious creatures and Nate is dragged off leaving Travis- to run for help. After Tr... Leer todo"
tt10115340,Amacabra - The Metempsychosis of Justine S.,3.8,Cosmotropia de Xam,N/A,
tt0918520,Gangster Kittens,7.1,"Naeem Mahmood, Ash Mahmood",Naeem Mahmood,"An uncompromising portrait of the struggles of a resplendent teenager with an anarchic spirit, fighting to maintain her existence in the bleak urban landscape of London. Angel is a cool but troubled nymphet, disillusioned by the tedium and meaninglessness of her uninviting working class future, her eyes filled with ferocious pique. Neglected by her abusive uncle and a... Leer todo"
tt0087963,Quan jia fu,6.6,Dean Shek,N/A,"To get their parents back together, two clever siblings team up with their grandpa in a series of mischievous antics."
tt0100275,La Telenovela Errante,6.5,"Valeria Sarmiento, Raúl Ruiz","Pía Rey, Raúl Ruiz","The film revolves around the concept of soap opera. Its structure is based on the assumption that Chilean reality does not exist, but rather is an ensemble of soap operas."
tt0137204,Joe Finds Grace,8.6,Anthony Harrison,Anthony Harrison,Simple-minded Joseph Briteman breaks a golden rule of his 'life skills' program when he walks away unsupervised to rescue his long lost baby sister.
tt0460890,Canción de Nueva York,6.4,Marc Webb,Allan Loeb,"En Nueva York, la vida de un recién licenciado sufre un giro inesperado al conocer a la novia de su padre."
tt0491203,Tulip Fever,6.2,Justin Chadwick,N/A,Un artista se enamora de una joven mujer casada mientras se le encarga pintar su retrato durante la manía tulipán del siglo XVII en Ámsterdam.
tt0491175,Suburbicon,5.8,George Clooney,N/A,"Mientras una comunidad suburbana de los años 50 se autodestruye, un allanamiento de morada tiene siniestras consecuencias para una familia aparentemente normal."
tt0498381,Rings,4.5,F. Javier Gutiérrez,N/A,Una joven se encuentra en el extremo receptor de una terrible maldición que amenaza con acabar con su vida en 7 días.
tt0825334,Caravaggio and My Mother the Pope,8.5,Gladys Florence,Gladys Florence,"Caravaggio's tortured life, his murder and the journey of his soul."
tt0835802,Krystal,5.5,William H. Macy,William Porter,Un joven que vive una vida protegida se enamora de una ex-stripper y se une a su grupo de Alcohólicos Anónimos sólo para poder estar en la misma habitación que ella.
tt0331314,Bunyan and Babe,4.8,Louis Ross,N/A,"Travis and Whitney visit their grandparents and stumble upon the evil plan of a greedy land developer. Travis falls through a magical portal which transports him to the world of American hero, Paul Bunyan and his pet ox, Babe."
tt0493405,CHiPs: Loca patrulla motorizada,6.0,Dax Shepard,"Rick Rosner, Dax Shepard","Un agente novato forma equipo con un curtido profesional de la Patrulla de Carreteras de California, pero pronto se entera de que en realidad es un federal encubierto que investiga un atraco en el que podrían estar implicados policías."
tt0451279,Wonder Woman,7.3,Patty Jenkins,N/A,"Cuando un piloto se estrella y habla de un conflicto en el mundo exterior, Diana, una guerrera amazona en formación, deja su hogar para luchar en la guerra, descubriendo sus plenos poderes y su verdadero destino."
tt0974015,Liga de la Justicia,6.1,Zack Snyder,N/A,"Impulsado por su restaurada fe en la humanidad e inspirado por el acto desinteresado de Superman, Bruce Wayne consigue la ayuda de su recién encontrada aliada, Diana Prince, para enfrentarse a un enemigo aún mayor."
tt10010820,Green Brothers,N/A,John D'Amico,N/A,N/A
tt10028030,Nagarsevak - Ek Nayak,5.1,Deepak Kadam,"Bipin Shaygude, Yogesh Markande, Abhijit Kulkarni",its political journey of Malhar Shinde.
tt0112502,Bigfoot,4.7,Mc Jones,N/A,"A story of a man who, after having been through a terrible accident that killed his wife and kids, is forced to spend an entire week at his vacation home in a remote area of the Rocky Mountains, and soon discovers the unfriendly truth behind the Bigfoot legend."
tt0339736,The Evil Within,5.6,Andrew Getty,Andrew Getty,"A lonely, mentally handicapped boy befriends his reflection in an antique mirror. This demonic creature orders him to go on a murderous rampage to kill the people he loves most."
tt0451201,Sludge,2.6,Steve Taylor,"Steve Taylor, Timothy Cerjan, Rahul Chatterjee",A geology field trip into the remote Bear Claw wilderness area turns into a nightmare for a group of college students as they find themselves prey to a viscous man-beast the locals call The Shadow of Death.
tt10028240,Kyodai,N/A,Evann Rodriguez,Evann Rodriguez,"An unknown virus that turns people into dead people, ravages a large part of the world's population, leaving stranded survivors to the land for their survival, and fighting to preserve it."
tt10045134,Inside the Walls,N/A,"Alexei Kostin, Vyacheslav Rudenko","Vyacheslav Rudenko, Alexei Kostin, Olga Ivanova","A woman named Sasha has not returned to her native home for two decades. But she must return, due to the tragic and mysterious death of her parents."
tt0874268,The Dot Man,7.4,Bruno Coppola,John Goodman,"A highly decorated officer is betrayed by his own government after years of dedicated service to his country. A hero in the ""war on terror"" becomes imprisoned by the very policies put in place to combat the terrorists."
tt0069049,Al otro lado del viento,6.7,Orson Welles,"Oja Kodar, Orson Welles",Un director de Hollywood regresa tras un tiempo en las sombras para completar su trabajo en una innovadora película.
tt0192528,Reverse Heaven,3.1,Stuart Paul,Stuart Paul,"In 1990s Los Angeles, danger lurks around the corner after a freak accident leaves an undercover cop with supernatural abilities while also unleashing a horror that he must destroy before it destroys everything."
tt0276568,A la caza del millón,7.1,Pat Jackson,N/A,"A lone shark bounty hunter pits himself against secret agents from three countries. The prize: a million bucks in cash for vital state secrets. A little talky in spots, but overall not bad. Color. 16mm."
tt0328810,Aamaar Bhuvan,7.6,Mrinal Sen,"Afsar Ahmed, H. Banerjee, Mrinal Sen","A triangle love story between viz Meher (Kaushik Sen), Noor (Saswato Chaterjee) and Sakina (Nandita Das)."
tt0360556,Fahrenheit 451,5.0,Ramin Bahrani,"Ray Bradbury, Amir Naderi, Ramin Bahrani","En un aterrador futuro higienizado, el joven Guy Montag, cuyo trabajo como bombero es quemar libros, cuestiona sus acciones después de conocer a una joven, y se empieza a rebelar contra la sociedad."
tt0365545,Desmelenada,6.4,Haifaa Al-Mansour,"Trisha R. Thomas, Gina Prince-Bythewood, Adam Brooks","Violet Jones, cansada de esperar a que su novio de mucho tiempo le proponga matrimonio, rompe con él. Pero antiguos sentimientos, y sin duda un montón de celos, surgen cuando pronto comienza a salir con otra mujer."
tt0427543,En mil pedazos,6.2,Sam Taylor-Johnson,"Sam Taylor-Johnson, James Frey, Aaron Taylor-Johnson",Un joven escritor adicto a las drogas se somete a dos meses de agonizante desintoxicación en Minnesota.
tt0111414,A Thin Life,N/A,Frank Howson,Frank Howson,N/A
tt0810836,Dirt Music,5.3,Gregor Jordan,"Tim Winton, Jack Thorne",The stunning landscape of Western Australia is the backdrop for an impassioned tale of love and grief in Gregor Jordan's adaptation of the acclaimed novel by Tim Winton.
tt0062336,El tango del viudo y su espejo deformante,6.5,"Valeria Sarmiento, Raúl Ruiz","Omar Saavedra Santis, Raúl Ruiz","La esposa de un hombre se ha suicidado y se le aparece como un fantasma, siguiéndolo a todas partes y cambiando su personalidad."
tt0383477,Love & Orgasms,6.3,Dana Offenbach,Dana Offenbach,"LOVE & ORGASMS is a dramatic comedy about women's relationships that explores the emotional challenges of healing a broken heart and the importance of sexual pleasure for women. After a heartbreaking experience, advertising executive Donna Greenberg throws herself into her work. Not ready to pursue another relationship, she finds sex without the confines of commitment... Leer todo"
tt0446792,Surviving in L.A.,7.3,Abbi Lake O'Neill,Abbi Lake O'Neill,"Kate McCarthy, a former teen sitcom star who trashed her life through drug abuse, is forced to live, fresh out of rehab, on the one remaining piece of property her business manager, Charlie, has kept out of foreclosure - a run-down apartment building in east L.A. With her one remaining trendy friend, Claire, who's still an addict and trapped in a loveless marriage, th... Leer todo"
tt0849437,Duel of Legends,N/A,Hector Echavarria,"Hector Echavarria, Brad Bode, Fuad C'Amanero","1967 China, A young boy (Dax) is left to survive on his own in the middle of no were, after his missionary parents were murdered by rebels. He is found and Raised by a Shawling Temple Monk and becomes skilled in Martial arts. 25 Years later, in Los Angeles he meets a long time friend, that now works for the FBI, who asks for his help in solving a case revolving the tr... Leer todo"
tt0920462,Lost Girls and Love Hotels,4.7,William Olsson,N/A,"Margaret, una respetada profesora de inglés de día, se sumerge en el reluciente laberinto de Tokio por la noche. Con rumbo incierto, busca la amistad en sus compañeros expatriados hasta que conoce a un miembro de la Yakuza Kazu."
tt0805647,Las brujas de Roald Dahl,5.4,Robert Zemeckis,N/A,"A finales de 1967, un pequeño huérfano se va a vivir con su abuela a Demopolis, un pueblo de Alabama. El niño y su abuela tienen extraños encuentros con brujas aparentemente glamurosas, pero absolutamente diabólicas."
tt10004368,I never cry (Yo nunca lloro),7.0,Piotr Domalewski,Piotr Domalewski,Olka debe viajar a Irlanda para traer el cuerpo de su padre de regreso a Polonia después de que murió trabajando en un sitio de construcción.
tt0926132,Road to Red,3.6,Tito da Costa,"Tito da Costa, Larry Leahy",A surf-skate action-thriller about five best friends who set out on a road trip that quickly turns into an epic battle for survival.
tt0983946,Fantasy Island,4.9,Jeff Wadlow,N/A,"El Sr. Roarke hace realidad los sueños de sus huéspedes. Sin embargo, cuando todo se convierte en una pesadilla, los invitados tienen que resolver el misterio de la isla para poder escapar con vida."
tt10011228,Hunted,5.3,Vincent Paronnaud,N/A,"La compañía de los lobos es la mejor que la del hombre. Érase una vez en una época de locos, una mujer conoce a un hombre."
tt10006160,Kala azar,4.8,Janis Rafailidou,Janis Rafailidou,"In a big city somewhere in the south of Europe, a couple takes care of dead animals and abandoned roadkill as an act to give meaning to their life. Kala azar is a meditation on the paradox of life-circles among beings of different species."
tt0093119,Grizzly II: El concierto,2.7,André Szöts,"David Sheldon, Joan McCall","El infierno se desata cuando un Grizzly gigante, reaccionando a la matanza de Grizzlies por cazadores furtivos, ataca en un concierto masivo de grandes bandas de rock en el Parque Nacional."
tt10003994,Seeds,7.1,Skip Shea,Skip Shea,A grieving mother holds onto her Catholic faith as her husband leaves to study and learn the secrets of an old New England cult. Secrets that the Catholic Church wants for their own use. Meanwhile the cult has deadly plans of their own.
tt10003008,Vigilados,5.7,Dave Franco,N/A,Dos parejas alquilan una casa de vacaciones para lo que debería haber sido una escapada llena de celebraciones.
tt10004108,Sacrifice,4.7,"Tor Mian, Andy Collier",N/A,"Tras la muerte de su madre, Isaac y su mujer embarazada regresan a su lugar de nacimiento en una remota isla noruega para reclamar una herencia inesperada."
tt10023172,Passion simple,5.4,Danielle Arbid,"Danielle Arbid, Annie Ernaux",Una madre cae en una adictiva relación con un diplomático ruso con el que no tiene nada en común.
tt0228802,Mugen ryûkyû tsuru Henrî,N/A,Go Takamine,N/A,"This road film revolves around an Okinawan folk song singer Tsuru and her son Henry's filmmaking journey. Taiwanese singers CHIN Man-wang, LEE Ping-huei, and acclaimed actress CHEN Shiang-chyi all make cameo appearances. After decoupling Okinawa from Japan in Okinawan Dream Show, Paradise View, and Untamagiru, TAKAMINE Go further unpacks the geopolitical complexities ... Leer todo"
tt0326716,5-25-77,6.5,Patrick Read Johnson,Patrick Read Johnson,"La épica historia de Pat Johnson, un aspirante director de cine alienado, sobre su infancia en la Illinois rural, su enamoramiento y su conversión en el primer fan de la película que lo cambió todo."
tt0346172,Zamaanat: And Justice for All,2.8,S. Ramanathan,"M.D. Sunder, Om Shree, Prayag Raj","A unfulfilled love story of a prominent lawyer, 'Shiv Shankar' who loses his vision in an accident and is thrown into a life of seclusion. He also loses contact with his beloved (Vijayshanti) a doctor by profession. Shiv starts leading the life of a recluse. Years later, a college girl (Karisma Kapoor) knocks at his door seeking his help to secure justice for her Engi... Leer todo"
tt0818543,Z,N/A,Jonás Cuarón,"Glenn Gers, Jonás Cuarón, Ozzy Inguanzo","La frontera occidental ha resurgido y, como en el pasado, un héroe responderá al grito de justicia del pueblo."
tt0840306,Cosmic Radio,4.6,Stephen Savage,"GiGi Mullins, Lesley Paterson, Stephen Savage","Un chico de California de 38 años intenta salvar su estación de radio independiente, KZMC Cosmic Radio, de la ruina financiera cuando su rico padre le corta los recursos de financiamiento."
tt0995854,Un diario para Jordan,6.0,Denzel Washington,"Dana Canedy, Virgil Williams, Charles Monroe King","Sargento Primero, Charles Monroe King, antes de ser asesinado en acción en Bagdad, escribe un diario para su hijo con la intención de decirle cómo vivir una vida decente a pesar de crecer sin un padre."
tt10003618,Kelti,6.8,Milica Tomovic,"Milica Tomovic, Tanja Sljivar","Winter, 1993. Bill Clinton is elected president. Audrey Hepburn dies. Wars following the breakup of socialist Yugoslavia are continued in Croatia and Bosnia. Belgrade is under sanctions and inflation that threaten to become hyperinflation. MOTHER wakes up on a day when she has to do all the preparation for her younger daughter's birthday party - cooking awaits her, gu... Leer todo"
tt10011002,Preman,5.5,Randolph Zaini,Randolph Zaini,"Un gánster indonesio sordo se enfrenta a sus peligrosos antiguos aliados y a un asesino sociópata después de que su hijo presencie el brutal asesinato de un notorio jefe del crimen, luchando por proteger a su hijo."
tt0870154,Jungle Cruise,6.6,Jaume Collet-Serra,N/A,"Basada en la atracción del parque temático Disneyland, en la que una pequeña embarcación fluvial lleva a un grupo de viajeros a través de una selva llena de animales y reptiles peligrosos, pero con un elemento sobrenatural."
tt10010852,F-Word,7.6,Heidi Germaine Schnappauf,"Michael Wawrzynek, Heidi Germaine Schnappauf",
tt10010874,The 10th Man,N/A,N/A,Bill Welch,N/A
tt0293429,Mortal Kombat,6.0,Simon McQuoid,N/A,"El joven luchador Cole Young, ajeno a su propia historia, busca a los mayores campeones de la Tierra para junto a ellos plantar cara a los enemigos de Outworld en una batalla de envergadura universal."
tt0499097,Sin remordimientos,5.8,Stefano Sollima,N/A,"John Clark, un SEAL de la Marina, emprende un camino para vengar el asesinato de su esposa solo para encontrarse dentro de una conspiración más grande."
tt0993840,Ejército de los muertos,5.8,Zack Snyder,N/A,"Tras un brote zombi en Las Vegas, un grupo de mercenarios se arriesga a adentrarse en la zona de cuarentena para dar el golpe de sus vidas."
tt10005622,Chinese Speaking Vampires,3.7,Randy Kent,Davy Williams,"A desperate actor becomes a vampire and uses his new powers to land a movie role and the girl, but then must choose between life and the undead."
tt10044610,Badlander,N/A,N/A,Kate Queen,N/A
tt10050150,Vaa Deal,N/A,Rathina Shiva,Rathina Shiva,"Vetrivel, a young man who believes rising rivalries are essential to succeed in life, finds himself in deep trouble when his girlfriend is abducted by his enemies."
tt10047958,Bad President,3.5,Param Gill,"John Buchanan, Param Gill",Sigue la pregunta que ha obsesionado a Estados Unidos y al mundo desde el 8 de noviembre de 2016. ¿Cómo se convirtió Donald Trump en presidente de los Estados Unidos?
tt10055546,Supercool: Una Noche de Locura,5.3,Teppo Airaksinen,N/A,"El vínculo innegable de Neil y Gilbert, amigos de toda la vida, se pone a prueba hasta el límite cuando Neil pide un deseo mágico que se hace realidad y cambia todo."
tt10075380,El reino de Terracota,6.2,"Leon Ding, Yongchang Lin",N/A,Una joven llamada Jade y un guerrero de terracota llamado Magnus deben unirse para luchar contra las criaturas que continúan atacando su ciudad subterránea de la dinastía Qin. Finalmente también los une el amor.
tt10022716,Howard's Mill,5.9,Shannon Houchins,"Shannon Houchins, Kathryn Lyn",Un terreno de cultivo abandonado en la zona rural de Tennessee puede ser la clave para múltiples casos de personas desaparecidas que abarcan más de 40 años.
tt10033964,Desert Moon,4.4,Thomas Haley,"Joe Knetter, Thomas Haley",A vicious animal attack reignites painful memories for a small town Sheriff as he attempts to find justice for a crime spree that occurred twenty-five years prior. He encounters a married couple on a romantic getaway and the hitchhiker they've picked up as their world's collide under the DESERT MOON.
tt10037014,Fear of Rain,5.9,Castille Landon,Castille Landon,"Una chica esquizofrénica que sufre terribles alucinaciones empieza a sospechar que su vecino ha secuestrado a un niño. La única persona que la cree es Caleb, un chico que no está siquiera segura de que exista."
tt10040978,12 O'Clock,3.2,Ram Gopal Varma,Ram Gopal Varma,12 'o' Clock revolves around a young girl Gauri who starts getting traumatised with frightening nightmares and incidents of eerie sleepwalking. What follows to extricate her from the possession forms the crux of the story.
tt10078904,Jaws of Los Angeles,1.4,Dustin Ferguson,Dustin Ferguson,The bodies of beach goers begin washing ashore during the grand opening of a new resort with dire results.
tt10080926,Efeito Placebo,8.4,Arthur Moric,N/A,"A doctor creates a new drug and tests on five friends during his birthday, but things turn into a nightmare when the drug takes effect."
tt10016180,Pequeños detalles,6.3,John Lee Hancock,John Lee Hancock,Dos policías localizan a un asesino en serie.
tt10096842,Oscura verdad,4.6,John Lee,N/A,"Como si quedar embarazada no fuera lo suficientemente complicado, Lucy se propone descubrir la inquietante verdad sobre su médico especialista en fertilidad."
tt10097384,Mi mi fang ke,5.4,Leste Chen,"Shuaijie Yi, Qiao Shu","A story that follows a family of four leading harmonious and contented lives. When a mysterious visitor starts residing in their basement, their lives are turned upside down as strange events begin to occur."
tt10115874,The Diary: An Untold Story,6.1,Karan Singh Duggall,Karan Singh Duggall,
tt10127464,Reflection,5.3,Ilker Savaskurt,N/A,"A quirky receptionist in a hotel in Istanbul welcomes guests as they tumble upon their daily struggles, all to end up in a mix of chaos and dread after the arrival of a mysterious man who declares that he is their patron Saint."
tt10072662,Una librería en París,5.6,Sergio Castellitto,N/A,"Pierre, un librero anticuario parisino, vive en torno al amor por su hija parapléjica y los volúmenes raros. Todo es rutina hasta que conoce a una joven exuberante."
tt10075650,Indiana Jones y el santuario de la orden negra,4.7,Lluís Ortega,Lluís Ortega,"En 1983, un grupo de arqueólogos estadounidenses son tomados prisioneros en el castillo de Wewelsburgo. Indiana Jones, con Sallah y Hasani, viaja al Vaticano Nazi y descubren el último y más siniestro plan del Tercer Reich."
tt10083868,Bole Chudiyan,N/A,Shamas Nawab Siddiqui,"Shamas Nawab Siddiqui, Jai Hind Kumar",Inspired by true life events of the lead actor Nawazuddin Siddiqui.
tt10084832,Nomad,N/A,Taron Lexton,Taron Lexton,The plot is unknown at this time.
tt10095332,N/A,N/A,N/A,N/A,N/A
tt10149976,Poor Lucky Rich Boy,N/A,Ryan Liu,Ryan Liu,N/A
tt10155932,Cenicienta,4.4,Kay Cannon,Kay Cannon,"Un musical cinematográfico moderno con una visión audaz del clásico cuento de hadas. Nuestra ambiciosa heroína tiene grandes sueños y, con la ayuda de su fabulosa madrina, persevera para hacerlos realidad."
tt0965381,Milli Vanilli,N/A,N/A,Jeff Nathanson,La historia de un productor y dos modelos masculinos que sincronizaban los labios y que venderían millones de discos y ganarían un Grammy antes de que se descubriera su estafa.
tt10028196,Laal Singh Chaddha,5.6,Advait Chandan,"Atul Kulkarni, Winston Groom, Eric Roth","Laal Singh Chaddha, un hombre sencillo cuyo extraordinario viaje te llenará de amor, calor, felicidad y también te hará reír."
tt10047904,Mrak,6.7,Dusan Milic,Dusan Milic,"Carta de una niña de Kosovo, dedicada a su padre desaparecido, leída en las Naciones Unidas, en la que aborda públicamente la difícil vida de los serbios, especialmente de los niños serbios de los enclaves."
tt10049720,Charlie Hustle,N/A,Kevin Porter,N/A,"A prodigal son, on the run with the woman he loves, turns to a life of crime as an enforcer for a notorious loan shark, his father."
tt10029484,MobSense,N/A,Ronnie Marmo,Nick Ferraro,
tt10035194,The Game Chasers Movie,5.5,Billy Chaser,"Billy Chaser, Jay Hatfield, Melvin Hatfield","Billy and Jay, friends since kids and now beat down with life, go on an adventure to track down Billy's original NES gaming system in order to play it one more time."
tt10047464,The Christmas Spirit,4.6,Bennet De Brabandere,Bennet De Brabandere,A lone man with the Christmas Spirit trapped in his head must kidnap a teenage girl in order to save Christmas.
tt10160886,Sneakerella: Cenicienta en zapatillas,4.9,Elizabeth Allen Rosenbaum,N/A,Un toque moderno de Cenicienta ambientado en la cultura Sneaker de la ciudad de Nueva York.
tt10193142,Gap Weekend,6.7,Todd Norwood,Todd Norwood,"A newly single guy meets an offbeat girl after posting his dating manifesto online. As the two spend a weekend together in a pretend relationship, a connection grows that may complicate their real lives."
tt10090058,Satria Dewa: Gatotkaca,5.3,"Ragiel Miftach, Hanung Bramantyo","Tesadesrada Ryza, Rahabi Mandra, Hanung Bramantyo","Legends collide as young Yuda wrestles with his newfound godlike powers, defending his world in an endless battle against ancient and powerful evils."
tt1016150,Sin novedad en el frente,7.8,Edward Berger,N/A,Las aterradoras experiencias y la angustia de un joven soldado alemán en el frente occidental durante la Primera Guerra Mundial.
tt10198564,Persecución mortal,4.3,James Clayton,N/A,"Tras robar millones en efectivo del escondite de drogas del sádico jefe mafioso Temple, un ladrón encuentra un pasajero de polizón en su coche."
tt10298840,Mundo extraño,5.7,"Don Hall, Qui Nguyen",Qui Nguyen,Los legendarios Clade son una familia de exploradores cuyas diferencias amenazan con echar por tierra su última y más crucial misión.
tt10308878,Big Gold Brick,3.4,Brian Petsos,Brian Petsos,"Las experiencias del escritor novato Samuel Liston, cuando es contratado por el enigmático, Floyd Deveraux, para escribir su biografía."
tt10315050,Dampyr,5.4,Riccardo Chemello,N/A,"Harlan Draka es un Dampyr, mitad humano y mitad vampiro, pero no lo sabe. Pronto tendrá que enfrentarse a sus poderes para destruir a un terrible Maestro de la Noche."
tt10427178,Atlas of Iladrael,N/A,Ryan Meacham,Ryan Meacham,"A man named Atlas wakes up in the strange testing facility of a corporation researching immortality. With no memory of his life before this, Atlas will explore philosophical questions, unrequited love, and the six mysterious Guardians of a mystical forest named Iladrael. A nihilistic mythological fantasy, this film will incorporate surreal imagery, cryptic symbolism, ... Leer todo"
tt0887261,Hellraiser,5.9,David Bruckner,N/A,"Una versión del clásico de terror de Clive Barker de 1987 en la que una joven que lucha contra la adicción se hace con una antigua caja de rompecabezas, sin saber que su propósito es invocar a los cenobitas."
tt10013588,September,7.0,Georgi Fomin,Georgi Fomin,"Theater and film actor, Mykola Veresen' dies on the set while performing the role of Ivan the Terrible. In the moment of death, his karma transforms into the bloody murderer he embodied, and he falls into Sheol, a common grave for all the dead. The time has a different flow here, the only feelings left are fear and pain. In hell Mykola learns about the confrontation t... Leer todo"
tt10141678,Fate of the Night,4.5,Thibul Nettle,Matthew Carlson,"After witnessing the horrific death of a young woman, the Harris family must face the psychological consequences of leaving her to die."
tt10228976,Last American Horror Show: Volume II,4.7,"Michael S. Rodriguez, Ricardo J Vasquez, Montgomery Dodson",N/A,This is the sequel to Last American Horror Show.
tt10231726,The Darker the Lake,3.2,Lok Kwan Woo,N/A,"Cuando extraños asesinatos sobrenaturales de repente se convierten en el chsime de una ciudad pacífica, dos detectives deben resolver un juego mortal, pero el mito de este juego revelará secretos demasiado cercanos a casa."
tt10304142,Ámsterdam,6.1,David O. Russell,David O. Russell,"Ambientada en los años 30, sigue a tres amigos que son testigos de un asesinato, se convierten en sospechosos y descubren uno de los complots más escandalosos de la historia de Estados Unidos."
tt10304140,N/A,N/A,N/A,N/A,N/A
tt10489128,Unbound Evil,7.3,Vjekoslav Katusin,"Vjekoslav Katusin, Konstantin Georgiou","While witnessing a horrific paranormal occurrence inside an abandoned church, a military commando led by a ruthless colonel, discovers a digital tablet with video footage on it: co-workers filming their trip in the woods, connecting the hikers in the footage with the unbound evil inside the church."
tt10564870,Shame,N/A,Sharib Raza,Sharib Raza,"Freud's essay on anxiety, guilt, and shame, perfectly fits on this middle class Indian housewife, who's guilt when turns into shame, creates a monster which is uncontrollable ."
tt10223460,Cásate conmigo,6.1,Kat Coiro,N/A,"Las superestrellas de la música Kat Valdez y Bastian se van a casar ante una audiencia mundial de fans. Pero cuando Kat se entera de que Bastian le ha sido infiel, decide casarse con Charlie, un desconocido entre la multitud."
tt10295314,Expired,3.7,Ivan Sen,Ivan Sen,"En un futuro inexplorado, dos almas endurecidas se encuentran y se confrontan con las cosas que han hecho y en lo que se han convertido."
tt10314040,Unplugging,4.4,Debra Neil-Fisher,"Brad Morris, Matt Walsh","Para revivir su matrimonio y reconectarse, una pareja toma un fin de semana de desintoxicación digital auto-recetado a un remoto pueblo de montaña. Lo que comienza como una escapada perfecta, rápidamente se sale de control."
tt10354106,Stars at Noon,5.5,Claire Denis,N/A,"Una joven periodista norteamericana queda atrapada en Nicaragua durante plena época electoral. Conoce a un viajero inglés, que parece ser la persona ideal para ayudarle a escapar."
tt10415494,Ek Love Ya,5.6,Prem,Vijay Eshwar,"Amar, a bright young boy, falls in love with Anitha, but when she rejects his advances, Amar turns into a different person with dim prospects. Produced by Rakshitha Prem, it is touted to be a musical love story."
tt0451272,Nefarious,N/A,Michael O'Bernicia,Michael O'Bernicia,"A fast moving, funny and ultimately tragic European road movie about two hedonistic outlaws and their quest to open up a coffeeshop in Amsterdam."
tt10131024,Shut in (Encerrada),5.8,D.J. Caruso,Melanie Toast,"Una joven madre queda atrincherada dentro de la despensa por culpa de su violento ex-novio, ella debe utilizar todo su ingenio para proteger a sus dos hijos pequeños de un peligro cada vez mayor mientras encuentra una forma de escapar."
tt10298848,Bambi,N/A,N/A,N/A,N/A
tt10151854,¡Shazam! La furia de los dioses,5.9,David F. Sandberg,N/A,"El adolescente Billy Batson, que al recitar la palabra mágica ""¡SHAZAM!"" se transforma en su alter ego de superhéroe adulto, Shazam."
tt10178004,Rapture Camp,N/A,Lauri Deason,Lauri Deason,
tt10305228,Creepers 'R Us,N/A,Joe Hammerstone,Joe Hammerstone,N/A
tt10351180,Bad Boy,6.7,Rajkumar Santoshi,"Ranjit Kapoor, Sanjeev",A light comedy about a good-for-nothing boy who falls in love with a studious girl from a conservative family. Thus the funny conflict and situations that pop up.
tt10364034,Prodigiosa: Las aventuras de Ladybug - La película,6.1,Jeremy Zag,N/A,"La vida de Marinette se vuelve sobrehumana cuando se convierte en Ladybug. Dotada con los poderes mágicos de la creación, Ladybug debe unirse a su opuesto, Cat Noir, para salvar París cuando un villano desata el caos en la ciudad."
tt0439572,Flash,6.6,Andy Muschietti,N/A,"Flash, el héroe más rápido, viaja a una línea temporal en que la Tierra está en crisis y sus héroes perdidos o dispersados."
tt1001520,El último viaje del Demeter,6.1,André Øvredal,N/A,"Basada en el libro ""Drácula"" de Bram Stoker, la historia se desarrolla a bordo del barco Demeter, donde una tripulación condenada enfrenta sucesos extraños y aterradores durante el viaje."
tt10471692,Scavenger,N/A,Rubén Arnaiz,Rubén Arnaiz,Película de acción y aventuras ambientada en un futuro distópico.
tt10757454,Timir,N/A,Atul Kumar Dubey,"Tripti Kappu Sharma, Atul Kumar Dubey","A rich businessman is dead under mysterious and horrific circumstances. Her father is accused of sneaking in an occult expert inside the hospital and performing rituals on her which apparently resulted in her death. Nisha's friend, Ritika, an investigative journalist sets out to find what really happened with her."
tt10765798,N/A,N/A,N/A,N/A,N/A
tt10946474,N/A,N/A,N/A,N/A,N/A
tt11253182,Vincent,N/A,David Noel Bourke,David Noel Bourke,Nobody can understand you when you're 14. Except possibly a monster. A bullied teenager meets a stranger from out of town and they form an unusual relationship.
tt11306970,Black Nightmares,N/A,Sanjay Mengar,Sanjay Mengar,"A beautiful house is ready for a migrated family who have no idea about the hidden tales inside the house. The family man starts having nightmares which are based on the things happened on the same day. Instead of running away, the man chases the nightmares to find out the truth of any connection between the house and nightmares."
tt10461964,Finding Tess,N/A,John Xavier Brosnan,N/A,N/A
tt11218958,Divine Flames,N/A,N/A,Natasha Thompson,this is a romantic drama of a witch on her twin flame journey
tt11226102,Divine Flames,N/A,N/A,Natasha Thompson,this is a romantic drama of a witch on her twin flame journey
tt11274492,Unos suegros de armas tomar,5.4,Tyler Spindel,"Evan Turner, Ben Zazove","Sigue a un gerente de banco a punto de casarse con el amor de su vida. Cuando su banco es asaltado por unos infames bandidos fantasmas durante la semana de su boda, cree que sus futuros suegros son los infames forajidos."
tt10579986,Mom's Coming,N/A,Rishiking,Rishiking,"Un alma supuestamente tiene como hija a una chica de 20 años, a la que quiere llevarse con ella, y la hermana mayor quiere impedir que el alma lo haga."
tt10597228,Love Song and Power,N/A,"Erik Krefeld, Eddel Martinez","Stevie Kinchen, Erik Krefeld",Esta es una historia sobre encontrar el valor para ser uno mismo.
tt10408218,Pizzodyssey,N/A,Brian Naydol,Brian Naydol,
tt11152168,Amigos imaginarios,6.5,John Krasinski,John Krasinski,Sigue a una niña que pasa por una experiencia difícil y entonces empieza a ver a los amigos imaginarios de todo el mundo que se han quedado atrás cuando sus amigos de la vida real han crecido.
tt10225380,Multiverso,N/A,Juanjo Martínez,Juanjo Martínez,"A drama, which explores unknown earths of the DC Universe."
tt10844184,Detour 95,N/A,James Twyman,"Tesha Clark, Matthew Clark ""Ghost""","Candace se marcha del norte de Nueva Jersey a Miami, Florida, para escapar de la violencia y la pobreza; pronto se encuentra luchando por su vida en una pesadilla de paletos."
tt10928904,The Legend of Johnny Jones,N/A,James Twyman,"Tesha Clark, Matthew Clark ""Ghost""","Ambientada en los proyectos de vivienda de Nueva Jersey. Un joven que solo ha conocido la pobreza y el abuso toda su vida, sufre un colapso mental y se embarca en una ola de asesinatos como ninguna otra en la historia."
tt11078340,Slasher House 3,6.3,Mj Dixon,Mj Dixon,Red discovers the truth behind Project Slasher House and H. E. X. A. G. O. N. She makes her last stand against an army of Government ops and NEW deadlier killers as she heads toward the truth will finally be revealed.
tt11374514,Clank and the Golden Scar,N/A,Pauli Janhunen Calderón,"Pauli Janhunen Calderón, David Anghel",Two missions taking place simultaneously in different decades where both C.I.S. Agents going under the alias Clank went up against the dangerous crime lord known as Goldscar.
tt12794380,Untouchable,N/A,Quasheem D. Herring,"Booker Snow III, Quasheem D. Herring","Un hombre se encuentra con una mujer casada, una mujer casada se encuentra con un hombre. Nada puede mantenerlos separados, pero todo debe mantenerlos separados. ¿Qué harías?"
tt13036100,Broken Glass,N/A,"Neil Mikes, Hazel K.","Neil Mikes, Hazel K.","Dylan meets Luna after many years since graduation, and soon they fall in love with each other, unaware of the obstacle that is about to come, changing their lives forever as secrets from Luna's past are also uncovered."
tt13576680,Vo Ladki,N/A,Praween Kumar Pandey,"RAAHI, Shubham Vishwakarma","Pathik, decides to move on from every memory of Devyani and goes to meet her one last time with a thought of returning the wrist watch."
tt10707852,Killing Rainbow,N/A,Chris Cutler,Chris Cutler,A Contract Killer fails his first mission. The Contractor who hired him doesn't tell him the whole truth about the job. What should be a simple cleanup job the second time round becomes a cat and mouse game of deceit and betrayal.
